District,Rural/Urban,Total Number of households,Total Number of Livable,Total Number of Dilapidated,Latrine_premise,Households,Households_Rural,Households_Urban,Households_Rural_Livable,Households_Urban_Livable,Households_Rural_Dilapidated,Households_Urban_Dilapidated,Households_Rural_Toilet_Premise,Households_Urban_Toilet_Premise
Kupwara,,100,58.1,8.3,48.9,181664.0,,,,,,,,
Kupwara,,100,57.3,7.9,50.9,181664.0,,,,,,,,
Kupwara,,100,49.5,4.8,70.2,181664.0,,,,,,,,
Badgam,,100,46.3,3.9,83.3,187839.0,,,,,,,,
Badgam,,100,44.7,3.8,84.3,187839.0,,,,,,,,
Badgam,,100,33.8,2.6,90.4,187839.0,,,,,,,,
Leh(Ladakh),,100,51.5,2.1,88.1,54394.0,,,,,,,,
Leh(Ladakh),,100,52.4,1.8,90.4,54394.0,,,,,,,,
Leh(Ladakh),,100,54.6,1.1,95.8,54394.0,,,,,,,,
Kargil,,100,73.3,3.5,96.8,48144.0,,,,,,,,
Kargil,,100,72.6,3.2,96.9,48144.0,,,,,,,,
Kargil,,100,68.8,1.2,97.5,48144.0,,,,,,,,
Punch,,100,59.5,2.4,13.7,147408.0,,,,,,,,
Punch,,100,56.9,2.3,18.7,147408.0,,,,,,,,
Punch,,100,27.3,0.8,75.3,147408.0,,,,,,,,
Rajouri,,100,52.9,2.7,10.2,213578.0,,,,,,,,
Rajouri,,100,51.0,2.6,14.3,213578.0,,,,,,,,
Rajouri,,100,18.6,1.7,85.5,213578.0,,,,,,,,
Kathua,,100,36.7,3.5,14.2,214847.0,,,,,,,,
Kathua,,100,35.3,3.4,22.1,214847.0,,,,,,,,
Kathua,,100,27.0,3.1,67.1,214847.0,,,,,,,,
Baramula,,100,46.1,5.3,74.3,259475.0,,,,,,,,
Baramula,,100,44.0,5.2,77.6,259475.0,,,,,,,,
Baramula,,100,34.0,5.0,92.5,259475.0,,,,,,,,
Bandipore,,100,53.7,7.4,70.1,98076.0,,,,,,,,
Bandipore,,100,50.0,6.9,74.0,98076.0,,,,,,,,
Bandipore,,100,31.0,4.3,94.3,98076.0,,,,,,,,
Srinagar,,100,38.4,6.3,88.7,262239.0,,,,,,,,
Srinagar,,100,23.5,2.2,97.9,262239.0,,,,,,,,
Srinagar,,100,23.2,2.2,98.1,262239.0,,,,,,,,
Ganderbal,,100,47.4,9.5,69.5,77346.0,,,,,,,,
Ganderbal,,100,43.5,8.8,72.8,77346.0,,,,,,,,
Ganderbal,,100,22.0,4.5,91.3,77346.0,,,,,,,,
Pulwama,,100,43.0,4.6,62.7,169223.0,,,,,,,,
Pulwama,,100,42.9,4.4,66.3,169223.0,,,,,,,,
Pulwama,,100,42.4,3.0,91.1,169223.0,,,,,,,,
Shupiyan,,100,33.2,5.9,59.0,80888.0,,,,,,,,
Shupiyan,,100,33.3,5.7,61.1,80888.0,,,,,,,,
Shupiyan,,100,34.4,3.3,94.8,80888.0,,,,,,,,
Anantnag,,100,43.3,5.1,50.8,277733.0,,,,,,,,
Anantnag,,100,39.8,4.7,56.6,277733.0,,,,,,,,
Anantnag,,100,28.5,3.1,75.5,277733.0,,,,,,,,
Kulgam,,100,49.0,4.7,41.7,121130.0,,,,,,,,
Kulgam,,100,47.7,4.6,44.9,121130.0,,,,,,,,
Kulgam,,100,42.0,4.2,58.5,121130.0,,,,,,,,
Doda,,100,60.0,1.6,24.0,133617.0,,,,,,,,
Doda,,100,57.2,1.7,29.3,133617.0,,,,,,,,
Doda,,100,23.7,2.9,93.4,133617.0,,,,,,,,
Ramban,,100,51.5,2.1,17.8,89622.0,,,,,,,,
Ramban,,100,50.3,2.1,20.1,89622.0,,,,,,,,
Ramban,,100,19.3,2.4,82.7,89622.0,,,,,,,,
Kishtwar,,100,52.0,3.4,20.0,78371.0,,,,,,,,
Kishtwar,,100,49.8,3.3,24.2,78371.0,,,,,,,,
Kishtwar,,100,13.5,0.7,93.4,78371.0,,,,,,,,
Udhampur,,100,44.7,2.0,7.4,183360.0,,,,,,,,
Udhampur,,100,39.9,2.0,19.3,183360.0,,,,,,,,
Udhampur,,100,17.0,1.8,75.1,183360.0,,,,,,,,
Reasi,,100,54.9,1.5,9.0,107833.0,,,,,,,,
Reasi,,100,53.5,1.4,15.2,107833.0,,,,,,,,
Reasi,,100,39.5,1.1,78.8,107833.0,,,,,,,,
Jammu,,100,38.4,4.9,24.6,502609.0,,,,,,,,
Jammu,,100,30.8,4.2,53.8,502609.0,,,,,,,,
Jammu,,100,22.6,3.4,84.9,502609.0,,,,,,,,
Samba,,100,30.5,3.3,26.0,114236.0,,,,,,,,
Samba,,100,28.5,3.0,32.9,114236.0,,,,,,,,
Samba,,100,17.8,1.1,70.7,114236.0,,,,,,,,
Chamba,,100,38.0,2.3,48.8,200231.0,,,,,,,,
Chamba,,100,36.6,2.2,51.5,200231.0,,,,,,,,
Chamba,,100,18.6,0.7,87.0,200231.0,,,,,,,,
Kangra,,100,25.3,1.4,64.4,627328.0,,,,,,,,
Kangra,,100,25.0,1.4,65.5,627328.0,,,,,,,,
Kangra,,100,19.0,1.6,82.3,627328.0,,,,,,,,
Lahul & Spiti,,100,33.7,0.8,78.1,,,,,,,,,
Lahul & Spiti,,100,33.7,0.8,78.1,,,,,,,,,
Kullu,,100,27.5,1.2,54.2,188704.0,,,,,,,,
Kullu,,100,26.1,1.2,58.4,188704.0,,,,,,,,
Kullu,,100,15.4,1.3,90.6,188704.0,,,,,,,,
Mandi,,100,28.0,1.6,82.0,462825.0,,,,,,,,
Mandi,,100,27.2,1.6,82.7,462825.0,,,,,,,,
Mandi,,100,17.3,0.7,92.0,462825.0,,,,,,,,
Hamirpur,,100,21.6,1.0,89.1,211348.0,,,,,,,,
Hamirpur,,100,21.6,1.0,89.1,311381.0,,,,,,,,
Hamirpur,,100,21.3,1.0,89.3,211348.0,,,,,,,,
Hamirpur,,100,21.3,1.0,89.3,311381.0,,,,,,,,
Hamirpur,,100,17.2,0.6,92.3,211348.0,,,,,,,,
Hamirpur,,100,17.2,0.6,92.3,311381.0,,,,,,,,
Una,,100,25.3,1.4,58.8,205217.0,,,,,,,,
Una,,100,25.2,1.7,60.3,205217.0,,,,,,,,
Una,,100,24.4,4.8,74.6,205217.0,,,,,,,,
Bilaspur,,100,26.9,1.3,68.8,164445.0,,,,,,,,
Bilaspur,,100,26.9,1.3,68.8,737806.0,,,,,,,,
Bilaspur,,100,26.2,1.3,70.6,164445.0,,,,,,,,
Bilaspur,,100,26.2,1.3,70.6,737806.0,,,,,,,,
Bilaspur,,100,16.9,0.8,93.5,164445.0,,,,,,,,
Bilaspur,,100,16.9,0.8,93.5,737806.0,,,,,,,,
Solan,,100,24.5,1.9,69.0,244296.0,,,,,,,,
Solan,,100,23.3,1.8,73.4,244296.0,,,,,,,,
Solan,,100,18.7,1.4,89.8,244296.0,,,,,,,,
Sirmaur,,100,30.9,2.8,56.9,192156.0,,,,,,,,
Sirmaur,,100,29.4,2.6,62.1,192156.0,,,,,,,,
Sirmaur,,100,19.7,1.0,96.1,192156.0,,,,,,,,
Shimla,,100,24.4,2.3,59.8,375165.0,,,,,,,,
Shimla,,100,22.7,2.0,68.3,375165.0,,,,,,,,
Shimla,,100,18.1,1.3,90.7,375165.0,,,,,,,,
Kinnaur,,100,29.3,1.0,69.2,44514.0,,,,,,,,
Kinnaur,,100,29.3,1.0,69.2,44514.0,,,,,,,,
Gurdaspur,,100,49.4,9.0,50.1,606348.0,,,,,,,,
Gurdaspur,,100,47.1,7.9,60.0,606348.0,,,,,,,,
Gurdaspur,,100,41.1,5.2,85.6,606348.0,,,,,,,,
Kapurthala,,100,41.4,6.1,77.4,261203.0,,,,,,,,
Kapurthala,,100,38.1,5.4,83.3,261203.0,,,,,,,,
Kapurthala,,100,32.0,4.1,94.1,261203.0,,,,,,,,
Jalandhar,,100,46.7,6.2,76.0,708130.0,,,,,,,,
Jalandhar,,100,42.1,5.5,86.5,708130.0,,,,,,,,
Jalandhar,,100,38.1,4.8,95.8,708130.0,,,,,,,,
Hoshiarpur,,100,41.0,6.5,57.0,551265.0,,,,,,,,
Hoshiarpur,,100,39.6,6.1,63.9,551265.0,,,,,,,,
Hoshiarpur,,100,34.3,4.9,88.9,551265.0,,,,,,,,
Shahid Bhagat Singh Nagar,,100,40.1,5.4,66.8,231551.0,,,,,,,,
Shahid Bhagat Singh Nagar,,100,39.2,5.6,70.5,231551.0,,,,,,,,
Shahid Bhagat Singh Nagar,,100,36.0,6.5,85.1,231551.0,,,,,,,,
Fatehgarh Sahib,,100,39.1,6.4,82.5,174896.0,,,,,,,,
Fatehgarh Sahib,,100,37.8,5.8,86.3,174896.0,,,,,,,,
Fatehgarh Sahib,,100,35.3,4.5,93.9,174896.0,,,,,,,,
Ludhiana,,100,45.1,7.1,87.5,1036821.0,,,,,,,,
Ludhiana,,100,42.5,5.8,93.3,1036821.0,,,,,,,,
Ludhiana,,100,40.9,4.9,96.9,1036821.0,,,,,,,,
Moga,,100,45.2,7.4,85.4,288439.0,,,,,,,,
Moga,,100,42.7,7.3,87.6,288439.0,,,,,,,,
Moga,,100,34.8,6.7,94.7,288439.0,,,,,,,,
Firozpur,,100,50.9,10.8,66.6,502390.0,,,,,,,,
Firozpur,,100,48.2,9.7,73.2,502390.0,,,,,,,,
Firozpur,,100,41.1,7.1,90.7,502390.0,,,,,,,,
Muktsar,,100,52.8,10.7,72.3,224157.0,,,,,,,,
Muktsar,,100,49.2,10.2,77.3,224157.0,,,,,,,,
Muktsar,,100,40.3,9.1,89.8,224157.0,,,,,,,,
Faridkot,,100,49.0,7.7,80.1,158863.0,,,,,,,,
Faridkot,,100,45.9,7.9,84.6,158863.0,,,,,,,,
Faridkot,,100,40.4,8.1,92.8,158863.0,,,,,,,,
Bathinda,,100,51.1,7.4,84.3,355722.0,,,,,,,,
Bathinda,,100,44.4,6.7,87.4,355722.0,,,,,,,,
Bathinda,,100,32.4,5.4,93.1,355722.0,,,,,,,,
Mansa,,100,46.5,7.2,62.9,196389.0,,,,,,,,
Mansa,,100,43.8,7.0,67.7,196389.0,,,,,,,,
Mansa,,100,34.1,5.9,85.0,196389.0,,,,,,,,
Patiala,,100,48.0,7.1,77.3,517369.0,,,,,,,,
Patiala,,100,41.4,5.9,85.6,517369.0,,,,,,,,
Patiala,,100,32.2,4.2,96.9,517369.0,,,,,,,,
Amritsar,,100,55.2,7.8,60.8,660953.0,,,,,,,,
Amritsar,,100,48.1,6.5,79.0,660953.0,,,,,,,,
Amritsar,,100,42.5,5.4,93.4,660953.0,,,,,,,,
Tarn Taran,,100,55.7,8.1,64.8,267174.0,,,,,,,,
Tarn Taran,,100,54.1,7.9,67.8,267174.0,,,,,,,,
Tarn Taran,,100,43.6,7.1,87.7,267174.0,,,,,,,,
Rupnagar,,100,35.6,6.0,56.9,208699.0,,,,,,,,
Rupnagar,,100,33.4,5.8,66.5,208699.0,,,,,,,,
Rupnagar,,100,27.6,5.0,91.7,208699.0,,,,,,,,
Sahibzada Ajit Singh Nagar,,100,43.2,7.3,60.7,291335.0,,,,,,,,
Sahibzada Ajit Singh Nagar,,100,31.9,5.2,79.1,291335.0,,,,,,,,
Sahibzada Ajit Singh Nagar,,100,23.7,3.8,92.4,291335.0,,,,,,,,
Sangrur,,100,45.7,6.1,78.6,448944.0,,,,,,,,
Sangrur,,100,42.2,5.7,82.8,448944.0,,,,,,,,
Sangrur,,100,34.4,4.7,92.0,448944.0,,,,,,,,
Barnala,,100,49.7,6.5,80.2,156799.0,,,,,,,,
Barnala,,100,46.8,6.3,83.5,156799.0,,,,,,,,
Barnala,,100,41.0,5.9,90.2,156799.0,,,,,,,,
Chandigarh,,100,46.9,2.8,88.0,298367.0,,,,,,,,
Chandigarh,,100,27.2,3.5,87.6,298367.0,,,,,,,,
Chandigarh,,100,26.6,3.5,87.6,298367.0,,,,,,,,
Uttarkashi,,100,27.0,3.0,39.5,121209.0,,,,,,,,
Uttarkashi,,100,26.1,2.9,43.7,121209.0,,,,,,,,
Uttarkashi,,100,15.9,0.8,91.5,121209.0,,,,,,,,
Chamoli,,100,26.3,2.5,47.0,186340.0,,,,,,,,
Chamoli,,100,24.1,2.3,53.1,186340.0,,,,,,,,
Chamoli,,100,11.6,0.9,87.5,186340.0,,,,,,,,
Rudraprayag,,100,19.8,1.9,51.0,117159.0,,,,,,,,
Rudraprayag,,100,19.4,1.8,52.9,117159.0,,,,,,,,
Rudraprayag,,100,9.7,0.3,91.6,117159.0,,,,,,,,
Tehri Garhwal,,100,27.6,2.8,50.1,254236.0,,,,,,,,
Tehri Garhwal,,100,25.5,2.5,55.8,254236.0,,,,,,,,
Tehri Garhwal,,100,10.6,0.7,95.9,254236.0,,,,,,,,
Dehradun,,100,26.7,3.9,74.6,497638.0,,,,,,,,
Dehradun,,100,23.1,3.0,86.4,497638.0,,,,,,,,
Dehradun,,100,20.4,2.4,95.2,497638.0,,,,,,,,
Garhwal,,100,25.1,1.8,48.3,316462.0,,,,,,,,
Garhwal,,100,23.4,1.7,55.3,316462.0,,,,,,,,
Garhwal,,100,14.4,1.1,94.7,316462.0,,,,,,,,
Pithoragarh,,100,25.4,2.3,48.0,209943.0,,,,,,,,
Pithoragarh,,100,23.1,2.1,55.2,209943.0,,,,,,,,
Pithoragarh,,100,9.9,0.5,96.5,209943.0,,,,,,,,
Bageshwar,,100,25.1,2.9,53.5,99911.0,,,,,,,,
Bageshwar,,100,24.6,2.9,54.8,99911.0,,,,,,,,
Bageshwar,,100,9.1,0.9,90.0,99911.0,,,,,,,,
Almora,,100,24.1,1.7,51.6,281138.0,,,,,,,,
Almora,,100,23.2,1.7,55.3,281138.0,,,,,,,,
Almora,,100,14.5,1.3,91.9,281138.0,,,,,,,,
Champawat,,100,40.3,6.0,40.4,98041.0,,,,,,,,
Champawat,,100,38.5,6.0,46.4,98041.0,,,,,,,,
Champawat,,100,28.1,5.9,79.9,98041.0,,,,,,,,
Nainital,,100,31.7,5.1,69.4,298663.0,,,,,,,,
Nainital,,100,27.0,4.3,79.5,298663.0,,,,,,,,
Nainital,,100,19.8,3.0,94.8,298663.0,,,,,,,,
Udham Singh Nagar,,100,45.9,6.7,56.9,414659.0,,,,,,,,
Udham Singh Nagar,,100,42.6,5.8,69.3,414659.0,,,,,,,,
Udham Singh Nagar,,100,36.4,4.0,92.0,414659.0,,,,,,,,
Hardwar,,100,48.3,5.3,50.2,488011.0,,,,,,,,
Hardwar,,100,39.4,4.1,66.6,488011.0,,,,,,,,
Hardwar,,100,25.3,2.2,92.6,488011.0,,,,,,,,
Panchkula,,100,35.2,4.9,44.0,164551.0,,,,,,,,
Panchkula,,100,27.5,4.8,70.7,164551.0,,,,,,,,
Panchkula,,100,22.7,4.7,87.6,164551.0,,,,,,,,
Ambala,,100,44.2,4.3,51.1,315256.0,,,,,,,,
Ambala,,100,37.0,3.9,68.7,315256.0,,,,,,,,
Ambala,,100,28.4,3.3,89.3,315256.0,,,,,,,,
Yamunanagar,,100,47.1,6.4,46.0,357723.0,,,,,,,,
Yamunanagar,,100,41.6,5.4,65.2,357723.0,,,,,,,,
Yamunanagar,,100,33.9,4.0,91.9,357723.0,,,,,,,,
Kurukshetra,,100,46.0,4.3,69.1,291821.0,,,,,,,,
Kurukshetra,,100,41.1,4.0,76.0,291821.0,,,,,,,,
Kurukshetra,,100,29.6,3.5,92.4,291821.0,,,,,,,,
Kaithal,,100,48.5,4.8,57.7,306787.0,,,,,,,,
Kaithal,,100,45.8,4.6,63.4,306787.0,,,,,,,,
Kaithal,,100,36.9,4.1,82.7,306787.0,,,,,,,,
Karnal,,100,47.5,4.9,68.6,428602.0,,,,,,,,
Karnal,,100,41.7,4.2,75.9,428602.0,,,,,,,,
Karnal,,100,29.3,2.6,91.6,428602.0,,,,,,,,
Panipat,,100,47.6,4.2,66.7,327306.0,,,,,,,,
Panipat,,100,43.5,3.5,80.2,327306.0,,,,,,,,
Panipat,,100,39.0,2.9,94.9,327306.0,,,,,,,,
Sonipat,,100,50.2,4.7,56.2,417434.0,,,,,,,,
Sonipat,,100,45.4,4.3,68.1,417434.0,,,,,,,,
Sonipat,,100,35.6,3.4,92.2,417434.0,,,,,,,,
Jind,,100,51.1,5.0,51.3,368000.0,,,,,,,,
Jind,,100,47.0,4.4,59.9,368000.0,,,,,,,,
Jind,,100,33.9,2.8,87.6,368000.0,,,,,,,,
Fatehabad,,100,46.4,5.7,72.9,258380.0,,,,,,,,
Fatehabad,,100,43.9,5.5,76.4,258380.0,,,,,,,,
Fatehabad,,100,33.8,4.9,90.9,258380.0,,,,,,,,
Sirsa,,100,41.7,5.9,87.5,338792.0,,,,,,,,
Sirsa,,100,39.5,5.4,89.7,338792.0,,,,,,,,
Sirsa,,100,33.0,4.1,95.9,338792.0,,,,,,,,
Hisar,,100,46.5,5.5,62.5,456126.0,,,,,,,,
Hisar,,100,41.9,4.8,71.1,456126.0,,,,,,,,
Hisar,,100,32.2,3.3,89.5,456126.0,,,,,,,,
Bhiwani,,100,45.9,5.3,49.2,456282.0,,,,,,,,
Bhiwani,,100,45.0,5.1,56.9,456282.0,,,,,,,,
Bhiwani,,100,41.6,4.4,86.8,456282.0,,,,,,,,
Rohtak,,100,49.3,4.7,58.4,306942.0,,,,,,,,
Rohtak,,100,42.4,3.9,72.9,306942.0,,,,,,,,
Rohtak,,100,33.3,2.7,92.1,306942.0,,,,,,,,
Jhajjar,,100,45.1,4.9,58.5,290144.0,,,,,,,,
Jhajjar,,100,44.0,4.8,67.4,290144.0,,,,,,,,
Jhajjar,,100,40.9,4.5,91.7,290144.0,,,,,,,,
Mahendragarh,,100,42.1,3.1,39.0,267942.0,,,,,,,,
Mahendragarh,,100,41.4,3.0,44.3,267942.0,,,,,,,,
Mahendragarh,,100,37.2,2.8,77.2,267942.0,,,,,,,,
Rewari,,100,41.7,3.3,49.8,268754.0,,,,,,,,
Rewari,,100,39.0,3.1,59.4,268754.0,,,,,,,,
Rewari,,100,31.0,2.4,87.8,268754.0,,,,,,,,
Gurgaon,,100,39.3,3.2,65.6,523691.0,,,,,,,,
Gurgaon,,100,30.7,3.7,84.6,523691.0,,,,,,,,
Gurgaon,,100,27.4,3.9,91.7,523691.0,,,,,,,,
Mewat,,100,58.4,9.0,17.8,223635.0,,,,,,,,
Mewat,,100,56.3,8.5,23.4,223635.0,,,,,,,,
Mewat,,100,41.2,4.8,62.5,223635.0,,,,,,,,
Faridabad,,100,43.2,4.3,58.6,470681.0,,,,,,,,
Faridabad,,100,39.8,2.8,84.0,470681.0,,,,,,,,
Faridabad,,100,39.1,2.4,89.2,470681.0,,,,,,,,
Palwal,,100,51.1,6.3,32.1,249159.0,,,,,,,,
Palwal,,100,47.5,5.6,44.4,249159.0,,,,,,,,
Palwal,,100,36.2,3.6,82.8,249159.0,,,,,,,,
North West,,100,46.6,4.5,64.1,1026867.0,,,,,,,,
North West,,100,35.0,3.4,84.7,1026867.0,,,,,,,,
North West,,100,34.4,3.3,85.9,1026867.0,,,,,,,,
North,,100,25.3,0.9,98.0,301071.0,,,,,,,,
North,,100,36.9,3.4,90.0,301071.0,,,,,,,,
North,,100,37.1,3.5,89.9,301071.0,,,,,,,,
North East,,100,36.4,2.8,95.0,487581.0,,,,,,,,
North East,,100,35.6,2.0,95.1,487581.0,,,,,,,,
North East,,100,35.6,2.0,95.1,487581.0,,,,,,,,
East,,100,6.7,1.2,98.1,462218.0,,,,,,,,
East,,100,24.1,1.9,93.4,462218.0,,,,,,,,
East,,100,24.2,1.9,93.4,462218.0,,,,,,,,
New Delhi,,100,28.8,3.7,77.9,52664.0,,,,,,,,
New Delhi,,100,28.8,3.7,77.9,52664.0,,,,,,,,
Central,,100,39.3,3.2,90.8,194897.0,,,,,,,,
Central,,100,39.3,3.2,90.8,194897.0,,,,,,,,
West,,100,48.3,1.8,87.1,701512.0,,,,,,,,
West,,100,28.9,2.8,89.9,701512.0,,,,,,,,
West,,100,28.8,2.8,89.9,701512.0,,,,,,,,
South West,,100,35.5,3.3,87.7,647682.0,,,,,,,,
South West,,100,28.1,2.6,91.0,647682.0,,,,,,,,
South West,,100,27.7,2.6,91.2,647682.0,,,,,,,,
South,,100,41.3,4.6,90.6,731063.0,,,,,,,,
South,,100,30.4,2.9,88.0,731063.0,,,,,,,,
South,,100,30.3,2.9,88.0,731063.0,,,,,,,,
Ganganagar,,100,42.1,2.5,81.3,562594.0,,,,,,,,
Ganganagar,,100,39.3,2.7,84.7,562594.0,,,,,,,,
Ganganagar,,100,32.2,3.3,93.6,562594.0,,,,,,,,
Hanumangarh,,100,36.8,2.4,82.3,497753.0,,,,,,,,
Hanumangarh,,100,35.9,2.5,84.6,497753.0,,,,,,,,
Hanumangarh,,100,32.2,3.1,93.9,497753.0,,,,,,,,
Bikaner,,100,50.6,4.9,29.5,531933.0,,,,,,,,
Bikaner,,100,42.3,3.8,51.9,531933.0,,,,,,,,
Bikaner,,100,27.3,1.7,92.6,531933.0,,,,,,,,
Churu,,100,39.2,5.8,47.0,493893.0,,,,,,,,
Churu,,100,36.8,4.9,57.8,493893.0,,,,,,,,
Churu,,100,30.4,2.2,87.5,493893.0,,,,,,,,
Jhunjhunun,,100,24.4,2.4,45.7,650809.0,,,,,,,,
Jhunjhunun,,100,24.6,2.3,53.6,650809.0,,,,,,,,
Jhunjhunun,,100,25.4,1.8,82.5,650809.0,,,,,,,,
Alwar,,100,39.5,3.6,14.8,995261.0,,,,,,,,
Alwar,,100,37.4,3.2,27.5,995261.0,,,,,,,,
Alwar,,100,28.8,1.6,79.3,995261.0,,,,,,,,
Bharatpur,,100,54.5,4.7,7.8,,,,,,,,,
Bharatpur,,100,52.0,4.2,20.3,,,,,,,,,
Bharatpur,,100,42.0,2.4,69.5,,,,,,,,,
Dhaulpur,,100,58.4,6.6,4.8,273296.0,,,,,,,,
Dhaulpur,,100,54.6,5.9,16.4,273296.0,,,,,,,,
Dhaulpur,,100,39.8,3.5,62.8,273296.0,,,,,,,,
Karauli,,100,62.4,5.6,8.2,364355.0,,,,,,,,
Karauli,,100,59.4,5.3,15.9,364355.0,,,,,,,,
Karauli,,100,41.5,3.1,62.4,364355.0,,,,,,,,
Sawai Madhopur,,100,55.2,4.4,8.8,353321.0,,,,,,,,
Sawai Madhopur,,100,51.4,4.1,20.7,353321.0,,,,,,,,
Sawai Madhopur,,100,34.8,2.6,72.2,353321.0,,,,,,,,
Dausa,,100,47.1,5.3,9.3,420694.0,,,,,,,,
Dausa,,100,44.7,4.9,17.4,420694.0,,,,,,,,
Dausa,,100,26.8,1.4,77.0,420694.0,,,,,,,,
Jaipur,,100,42.6,4.2,22.0,1732679.0,,,,,,,,
Jaipur,,100,33.9,2.5,60.6,1732679.0,,,,,,,,
Jaipur,,100,27.1,1.2,90.7,1732679.0,,,,,,,,
Sikar,,100,31.4,2.8,40.2,705834.0,,,,,,,,
Sikar,,100,30.4,2.5,50.0,705834.0,,,,,,,,
Sikar,,100,26.9,1.6,84.7,705834.0,,,,,,,,
Nagaur,,100,46.4,6.3,26.5,842201.0,,,,,,,,
Nagaur,,100,43.9,5.6,35.8,842201.0,,,,,,,,
Nagaur,,100,32.0,2.4,80.6,842201.0,,,,,,,,
Jodhpur,,100,49.5,5.2,13.7,891657.0,,,,,,,,
Jodhpur,,100,41.4,4.0,39.7,891657.0,,,,,,,,
Jodhpur,,100,25.8,1.7,90.1,891657.0,,,,,,,,
Jaisalmer,,100,56.1,3.2,16.7,189947.0,,,,,,,,
Jaisalmer,,100,54.0,3.0,23.3,189947.0,,,,,,,,
Jaisalmer,,100,40.4,1.7,66.5,189947.0,,,,,,,,
Barmer,,100,59.4,5.3,9.7,598805.0,,,,,,,,
Barmer,,100,57.2,5.1,14.9,598805.0,,,,,,,,
Barmer,,100,29.0,2.5,82.8,598805.0,,,,,,,,
Jalor,,100,52.1,8.4,11.3,467418.0,,,,,,,,
Jalor,,100,50.8,8.0,15.5,467418.0,,,,,,,,
Jalor,,100,36.5,4.0,61.9,467418.0,,,,,,,,
Sirohi,,100,50.8,6.9,16.2,308174.0,,,,,,,,
Sirohi,,100,45.9,5.9,26.8,308174.0,,,,,,,,
Sirohi,,100,26.8,1.9,68.2,308174.0,,,,,,,,
Pali,,100,50.1,5.4,18.7,652717.0,,,,,,,,
Pali,,100,46.7,4.8,29.0,652717.0,,,,,,,,
Pali,,100,33.2,2.5,69.1,652717.0,,,,,,,,
Ajmer,,100,49.9,3.4,14.1,684254.0,,,,,,,,
Ajmer,,100,41.3,2.5,42.3,684254.0,,,,,,,,
Ajmer,,100,27.9,1.1,86.2,684254.0,,,,,,,,
Tonk,,100,54.1,1.9,6.9,380666.0,,,,,,,,
Tonk,,100,50.5,2.0,18.7,380666.0,,,,,,,,
Tonk,,100,36.3,2.5,65.7,380666.0,,,,,,,,
Bundi,,100,56.3,3.4,8.3,303288.0,,,,,,,,
Bundi,,100,51.9,3.1,19.1,303288.0,,,,,,,,
Bundi,,100,33.6,2.0,64.2,303288.0,,,,,,,,
Bhilwara,,100,55.5,3.6,10.5,675880.0,,,,,,,,
Bhilwara,,100,50.4,3.1,23.4,675880.0,,,,,,,,
Bhilwara,,100,30.1,1.3,74.7,675880.0,,,,,,,,
Rajsamand,,100,54.6,4.2,11.3,365676.0,,,,,,,,
Rajsamand,,100,51.2,3.7,20.0,365676.0,,,,,,,,
Rajsamand,,100,30.9,1.0,71.4,365676.0,,,,,,,,
Dungarpur,,100,62.1,6.2,9.1,354363.0,,,,,,,,
Dungarpur,,100,59.7,5.9,13.4,354363.0,,,,,,,,
Dungarpur,,100,25.6,2.1,74.1,354363.0,,,,,,,,
Banswara,,100,68.6,9.1,6.9,429844.0,,,,,,,,
Banswara,,100,65.3,8.6,12.4,429844.0,,,,,,,,
Banswara,,100,23.5,2.3,82.5,429844.0,,,,,,,,
Chittaurgarh,,100,54.9,3.6,9.6,455653.0,,,,,,,,
Chittaurgarh,,100,49.9,3.3,20.8,455653.0,,,,,,,,
Chittaurgarh,,100,26.8,1.8,72.5,455653.0,,,,,,,,
Kota,,100,46.3,2.8,12.3,515189.0,,,,,,,,
Kota,,100,36.0,2.2,51.4,515189.0,,,,,,,,
Kota,,100,29.3,1.9,76.8,515189.0,,,,,,,,
Baran,,100,50.7,3.1,7.5,318988.0,,,,,,,,
Baran,,100,47.5,2.9,17.6,318988.0,,,,,,,,
Baran,,100,34.9,2.0,57.3,318988.0,,,,,,,,
Jhalawar,,100,59.7,4.3,7.2,362387.0,,,,,,,,
Jhalawar,,100,55.0,3.9,16.6,362387.0,,,,,,,,
Jhalawar,,100,30.0,2.1,66.9,362387.0,,,,,,,,
Udaipur,,100,60.1,3.8,9.3,848218.0,,,,,,,,
Udaipur,,100,52.6,3.3,24.4,848218.0,,,,,,,,
Udaipur,,100,22.0,1.2,86.2,848218.0,,,,,,,,
Pratapgarh,,100,63.2,2.5,6.2,234082.0,,,,,,,,
Pratapgarh,,100,63.2,2.5,6.2,752786.0,,,,,,,,
Pratapgarh,,100,60.0,2.4,11.4,234082.0,,,,,,,,
Pratapgarh,,100,60.0,2.4,11.4,752786.0,,,,,,,,
Pratapgarh,,100,24.0,1.4,70.1,234082.0,,,,,,,,
Pratapgarh,,100,24.0,1.4,70.1,752786.0,,,,,,,,
Saharanpur,,100,46.5,5.7,42.9,889238.0,,,,,,,,
Saharanpur,,100,43.6,4.9,58.3,889238.0,,,,,,,,
Saharanpur,,100,37.3,3.1,92.0,889238.0,,,,,,,,
Muzaffarnagar,,100,50.2,4.6,54.9,969850.0,,,,,,,,
Muzaffarnagar,,100,47.2,4.2,66.0,969850.0,,,,,,,,
Muzaffarnagar,,100,40.0,3.2,92.6,969850.0,,,,,,,,
Bijnor,,100,52.6,5.5,50.4,908523.0,,,,,,,,
Bijnor,,100,50.2,5.0,60.5,908523.0,,,,,,,,
Bijnor,,100,42.7,3.2,92.4,908523.0,,,,,,,,
Moradabad,,100,63.5,6.0,47.8,1047916.0,,,,,,,,
Moradabad,,100,57.7,5.1,63.2,1047916.0,,,,,,,,
Moradabad,,100,46.2,3.2,93.6,1047916.0,,,,,,,,
Rampur,,100,64.9,6.2,56.4,539992.0,,,,,,,,
Rampur,,100,60.6,5.6,66.2,539992.0,,,,,,,,
Rampur,,100,48.5,3.9,94.3,539992.0,,,,,,,,
Jyotiba Phule Nagar,,100,60.5,5.9,40.3,451374.0,,,,,,,,
Jyotiba Phule Nagar,,100,58.0,5.4,53.2,451374.0,,,,,,,,
Jyotiba Phule Nagar,,100,50.7,4.0,92.0,451374.0,,,,,,,,
Meerut,,100,49.9,4.1,53.1,803823.0,,,,,,,,
Meerut,,100,42.5,3.0,74.1,803823.0,,,,,,,,
Meerut,,100,35.9,2.1,92.9,803823.0,,,,,,,,
Baghpat,,100,52.3,3.2,58.8,316046.0,,,,,,,,
Baghpat,,100,51.0,3.2,64.7,316046.0,,,,,,,,
Baghpat,,100,46.5,3.1,86.5,316046.0,,,,,,,,
Ghaziabad,,100,50.7,3.6,59.8,1191723.0,,,,,,,,
Ghaziabad,,100,38.9,2.3,84.6,1191723.0,,,,,,,,
Ghaziabad,,100,34.1,1.8,94.8,1191723.0,,,,,,,,
Gautam Buddha Nagar,,100,42.3,2.4,51.7,509770.0,,,,,,,,
Gautam Buddha Nagar,,100,33.0,1.6,77.7,509770.0,,,,,,,,
Gautam Buddha Nagar,,100,28.1,1.3,91.5,509770.0,,,,,,,,
Bulandshahr,,100,56.3,4.3,30.9,880077.0,,,,,,,,
Bulandshahr,,100,53.1,3.9,44.3,880077.0,,,,,,,,
Bulandshahr,,100,43.3,2.8,85.0,880077.0,,,,,,,,
Aligarh,,100,56.7,4.3,21.4,858059.0,,,,,,,,
Aligarh,,100,52.0,3.8,42.0,858059.0,,,,,,,,
Aligarh,,100,42.4,2.7,84.4,858059.0,,,,,,,,
Mahamaya Nagar,,100,55.1,4.2,16.5,373033.0,,,,,,,,
Mahamaya Nagar,,100,53.3,4.0,28.4,373033.0,,,,,,,,
Mahamaya Nagar,,100,46.4,3.2,72.7,373033.0,,,,,,,,
Mathura,,100,53.3,4.0,19.6,585290.0,,,,,,,,
Mathura,,100,49.6,3.5,37.6,585290.0,,,,,,,,
Mathura,,100,40.5,2.3,81.2,585290.0,,,,,,,,
Agra,,100,52.9,4.3,16.6,903823.0,,,,,,,,
Agra,,100,46.2,3.2,46.3,903823.0,,,,,,,,
Agra,,100,38.2,1.9,82.0,903823.0,,,,,,,,
Firozabad,,100,57.6,6.7,11.4,535368.0,,,,,,,,
Firozabad,,100,55.7,5.8,35.6,535368.0,,,,,,,,
Firozabad,,100,52.1,4.0,82.1,535368.0,,,,,,,,
Mainpuri,,100,53.4,7.5,13.5,411258.0,,,,,,,,
Mainpuri,,100,51.6,7.0,23.2,411258.0,,,,,,,,
Mainpuri,,100,41.6,4.4,75.4,411258.0,,,,,,,,
Budaun,,100,65.4,8.1,21.0,867624.0,,,,,,,,
Budaun,,100,62.9,7.7,31.2,867624.0,,,,,,,,
Budaun,,100,51.8,6.3,77.5,867624.0,,,,,,,,
Bareilly,,100,63.0,7.7,44.8,994411.0,,,,,,,,
Bareilly,,100,57.0,6.3,62.0,994411.0,,,,,,,,
Bareilly,,100,46.6,4.0,92.3,994411.0,,,,,,,,
Pilibhit,,100,62.7,9.2,35.5,461390.0,,,,,,,,
Pilibhit,,100,59.7,9.1,44.9,461390.0,,,,,,,,
Pilibhit,,100,45.6,8.4,88.8,461390.0,,,,,,,,
Shahjahanpur,,100,61.5,12.0,27.0,655003.0,,,,,,,,
Shahjahanpur,,100,59.2,11.2,38.3,655003.0,,,,,,,,
Shahjahanpur,,100,49.7,8.2,85.9,655003.0,,,,,,,,
Kheri,,100,64.0,11.1,18.3,862610.0,,,,,,,,
Kheri,,100,61.9,10.9,24.8,862610.0,,,,,,,,
Kheri,,100,45.8,8.9,76.2,862610.0,,,,,,,,
Sitapur,,100,61.9,12.1,11.9,938902.0,,,,,,,,
Sitapur,,100,59.9,11.8,18.3,938902.0,,,,,,,,
Sitapur,,100,42.4,8.5,72.0,938902.0,,,,,,,,
Hardoi,,100,62.3,8.3,17.4,907677.0,,,,,,,,
Hardoi,,100,60.3,8.1,24.5,907677.0,,,,,,,,
Hardoi,,100,46.4,6.6,74.0,907677.0,,,,,,,,
Unnao,,100,59.0,7.3,15.8,717356.0,,,,,,,,
Unnao,,100,56.6,6.9,24.9,717356.0,,,,,,,,
Unnao,,100,44.2,5.1,71.7,717356.0,,,,,,,,
Lucknow,,100,57.2,8.3,21.5,1061721.0,,,,,,,,
Lucknow,,100,39.8,5.5,65.6,1061721.0,,,,,,,,
Lucknow,,100,31.1,4.1,87.7,1061721.0,,,,,,,,
Rae Bareli,,100,55.4,7.8,13.4,778418.0,,,,,,,,
Rae Bareli,,100,53.6,7.6,18.3,778418.0,,,,,,,,
Rae Bareli,,100,34.1,5.2,71.1,778418.0,,,,,,,,
Farrukhabad,,100,59.6,8.6,23.9,411490.0,,,,,,,,
Farrukhabad,,100,56.5,7.8,36.8,411490.0,,,,,,,,
Farrukhabad,,100,45.7,4.7,81.7,411490.0,,,,,,,,
Kannauj,,100,58.3,8.8,21.7,365770.0,,,,,,,,
Kannauj,,100,55.8,8.3,30.6,365770.0,,,,,,,,
Kannauj,,100,43.3,5.9,75.6,365770.0,,,,,,,,
Etawah,,100,54.7,7.8,19.8,351126.0,,,,,,,,
Etawah,,100,51.5,7.0,33.9,351126.0,,,,,,,,
Etawah,,100,40.5,4.2,83.4,351126.0,,,,,,,,
Auraiya,,100,55.2,9.0,20.4,314274.0,,,,,,,,
Auraiya,,100,52.5,8.2,29.3,314274.0,,,,,,,,
Auraiya,,100,38.6,4.0,75.2,314274.0,,,,,,,,
Kanpur Dehat,,100,56.8,8.4,23.0,405256.0,,,,,,,,
Kanpur Dehat,,100,55.2,8.1,27.0,405256.0,,,,,,,,
Kanpur Dehat,,100,39.5,5.9,66.3,405256.0,,,,,,,,
Kanpur Nagar,,100,58.8,6.9,23.6,1049775.0,,,,,,,,
Kanpur Nagar,,100,45.8,5.6,63.3,1049775.0,,,,,,,,
Kanpur Nagar,,100,38.7,4.8,85.2,1049775.0,,,,,,,,
Jalaun,,100,57.3,2.9,28.3,396421.0,,,,,,,,
Jalaun,,100,53.4,3.1,39.9,396421.0,,,,,,,,
Jalaun,,100,41.1,3.5,75.6,396421.0,,,,,,,,
Jhansi,,100,47.4,2.0,20.7,504913.0,,,,,,,,
Jhansi,,100,41.6,1.9,41.1,504913.0,,,,,,,,
Jhansi,,100,32.9,1.9,71.6,504913.0,,,,,,,,
Lalitpur,,100,52.8,2.7,12.0,301832.0,,,,,,,,
Lalitpur,,100,50.4,2.7,19.4,301832.0,,,,,,,,
Lalitpur,,100,36.2,2.6,62.9,301832.0,,,,,,,,
Hamirpur,,100,50.5,1.5,25.0,211348.0,,,,,,,,
Hamirpur,,100,50.5,1.5,25.0,311381.0,,,,,,,,
Hamirpur,,100,48.1,1.5,32.8,211348.0,,,,,,,,
Hamirpur,,100,48.1,1.5,32.8,311381.0,,,,,,,,
Hamirpur,,100,37.1,1.6,68.7,211348.0,,,,,,,,
Hamirpur,,100,37.1,1.6,68.7,311381.0,,,,,,,,
Mahoba,,100,50.7,1.7,17.8,246823.0,,,,,,,,
Mahoba,,100,50.2,1.7,25.5,246823.0,,,,,,,,
Mahoba,,100,48.7,1.6,54.7,246823.0,,,,,,,,
Banda,,100,52.9,1.1,20.0,445625.0,,,,,,,,
Banda,,100,50.2,1.2,28.1,445625.0,,,,,,,,
Banda,,100,35.2,1.7,73.5,445625.0,,,,,,,,
Chitrakoot,,100,52.5,1.8,11.8,230795.0,,,,,,,,
Chitrakoot,,100,51.9,1.9,16.5,230795.0,,,,,,,,
Chitrakoot,,100,46.7,2.7,58.7,230795.0,,,,,,,,
Fatehpur,,100,57.4,5.7,18.3,636540.0,,,,,,,,
Fatehpur,,100,55.4,5.5,24.7,636540.0,,,,,,,,
Fatehpur,,100,40.9,4.3,72.1,636540.0,,,,,,,,
Pratapgarh,,100,44.7,6.3,11.3,234082.0,,,,,,,,
Pratapgarh,,100,44.7,6.3,11.3,752786.0,,,,,,,,
Pratapgarh,,100,44.0,6.1,14.0,234082.0,,,,,,,,
Pratapgarh,,100,44.0,6.1,14.0,752786.0,,,,,,,,
Pratapgarh,,100,31.7,3.0,64.1,234082.0,,,,,,,,
Pratapgarh,,100,31.7,3.0,64.1,752786.0,,,,,,,,
Kaushambi,,100,55.2,4.4,13.8,380620.0,,,,,,,,
Kaushambi,,100,54.2,4.4,16.7,380620.0,,,,,,,,
Kaushambi,,100,42.9,4.4,51.4,380620.0,,,,,,,,
Allahabad,,100,48.8,4.6,15.6,1248570.0,,,,,,,,
Allahabad,,100,44.7,4.2,31.0,1248570.0,,,,,,,,
Allahabad,,100,30.5,2.9,84.0,1248570.0,,,,,,,,
Bara Banki,,100,50.9,11.9,13.2,714908.0,,,,,,,,
Bara Banki,,100,49.8,11.6,18.3,714908.0,,,,,,,,
Bara Banki,,100,39.5,8.8,67.8,714908.0,,,,,,,,
Faizabad,,100,51.4,9.3,14.5,589666.0,,,,,,,,
Faizabad,,100,49.3,8.7,22.7,589666.0,,,,,,,,
Faizabad,,100,36.1,4.9,76.2,589666.0,,,,,,,,
Ambedkar Nagar,,100,46.4,9.9,13.9,566590.0,,,,,,,,
Ambedkar Nagar,,100,45.9,9.9,18.6,566590.0,,,,,,,,
Ambedkar Nagar,,100,42.0,9.8,54.4,566590.0,,,,,,,,
Sultanpur,,100,49.8,8.6,13.1,889628.0,,,,,,,,
Sultanpur,,100,48.8,8.4,16.2,889628.0,,,,,,,,
Sultanpur,,100,29.7,4.4,72.9,889628.0,,,,,,,,
Bahraich,,100,61.7,8.6,10.5,760262.0,,,,,,,,
Bahraich,,100,60.2,8.4,15.7,760262.0,,,,,,,,
Bahraich,,100,42.0,5.7,79.5,760262.0,,,,,,,,
Shrawasti,,100,56.2,6.8,10.4,257274.0,,,,,,,,
Shrawasti,,100,55.6,6.9,12.0,257274.0,,,,,,,,
Shrawasti,,100,37.5,10.0,63.0,257274.0,,,,,,,,
Balrampur,,100,56.7,6.7,10.2,445838.0,,,,,,,,
Balrampur,,100,55.5,6.5,15.0,445838.0,,,,,,,,
Balrampur,,100,40.5,4.1,71.9,445838.0,,,,,,,,
Gonda,,100,51.1,11.3,7.9,726372.0,,,,,,,,
Gonda,,100,49.9,10.9,12.5,726372.0,,,,,,,,
Gonda,,100,32.5,4.4,77.1,726372.0,,,,,,,,
Siddharthnagar,,100,44.8,6.6,10.4,513513.0,,,,,,,,
Siddharthnagar,,100,44.2,6.5,12.7,513513.0,,,,,,,,
Siddharthnagar,,100,35.4,5.2,46.9,513513.0,,,,,,,,
Basti,,100,40.3,10.0,13.1,545025.0,,,,,,,,
Basti,,100,40.1,9.8,16.4,545025.0,,,,,,,,
Basti,,100,35.7,6.8,72.1,545025.0,,,,,,,,
Sant Kabir Nagar,,100,43.4,10.2,12.3,352151.0,,,,,,,,
Sant Kabir Nagar,,100,43.0,9.9,15.0,352151.0,,,,,,,,
Sant Kabir Nagar,,100,37.9,6.4,49.7,352151.0,,,,,,,,
Mahrajganj,,100,51.4,8.8,16.7,607079.0,,,,,,,,
Mahrajganj,,100,50.8,8.7,18.8,607079.0,,,,,,,,
Mahrajganj,,100,39.3,5.8,58.4,607079.0,,,,,,,,
Gorakhpur,,100,46.8,8.9,18.6,951128.0,,,,,,,,
Gorakhpur,,100,43.8,7.9,30.7,951128.0,,,,,,,,
Gorakhpur,,100,31.6,3.7,80.4,951128.0,,,,,,,,
Kushinagar,,100,55.9,8.5,14.8,785099.0,,,,,,,,
Kushinagar,,100,55.1,8.5,17.0,785099.0,,,,,,,,
Kushinagar,,100,38.7,9.4,62.3,785099.0,,,,,,,,
Deoria,,100,46.5,8.5,16.7,665706.0,,,,,,,,
Deoria,,100,45.3,8.3,21.2,665706.0,,,,,,,,
Deoria,,100,33.6,6.6,62.4,665706.0,,,,,,,,
Azamgarh,,100,48.3,9.0,16.8,971458.0,,,,,,,,
Azamgarh,,100,47.4,8.7,20.5,971458.0,,,,,,,,
Azamgarh,,100,37.4,4.8,64.6,971458.0,,,,,,,,
Mau,,100,47.2,10.1,17.6,451528.0,,,,,,,,
Mau,,100,46.5,9.4,27.4,451528.0,,,,,,,,
Mau,,100,44.1,6.8,63.5,451528.0,,,,,,,,
Ballia,,100,47.7,12.8,22.2,629381.0,,,,,,,,
Ballia,,100,46.6,12.4,25.9,629381.0,,,,,,,,
Ballia,,100,36.1,9.3,61.0,629381.0,,,,,,,,
Jaunpur,,100,46.1,7.2,15.4,1006670.0,,,,,,,,
Jaunpur,,100,46.0,7.0,19.8,1006670.0,,,,,,,,
Jaunpur,,100,44.5,4.4,71.8,1006670.0,,,,,,,,
Ghazipur,,100,51.2,10.4,18.6,761640.0,,,,,,,,
Ghazipur,,100,50.2,10.2,22.1,761640.0,,,,,,,,
Ghazipur,,100,38.4,7.3,65.5,761640.0,,,,,,,,
Chandauli,,100,49.0,6.8,18.8,395759.0,,,,,,,,
Chandauli,,100,47.5,6.6,25.3,395759.0,,,,,,,,
Chandauli,,100,36.8,4.6,69.2,395759.0,,,,,,,,
Varanasi,,100,47.6,6.7,27.1,755064.0,,,,,,,,
Varanasi,,100,42.4,5.3,54.5,755064.0,,,,,,,,
Varanasi,,100,35.8,3.5,89.0,755064.0,,,,,,,,
Sant Ravidas Nagar (Bhadohi),,100,47.7,6.2,12.6,339507.0,,,,,,,,
Sant Ravidas Nagar (Bhadohi),,100,47.2,6.1,18.8,339507.0,,,,,,,,
Sant Ravidas Nagar (Bhadohi),,100,44.0,5.7,55.6,339507.0,,,,,,,,
Mirzapur,,100,51.6,4.8,19.2,543115.0,,,,,,,,
Mirzapur,,100,50.1,4.6,26.2,543115.0,,,,,,,,
Mirzapur,,100,40.7,3.5,68.5,543115.0,,,,,,,,
Sonbhadra,,100,55.8,1.8,13.7,428088.0,,,,,,,,
Sonbhadra,,100,51.9,2.3,24.1,428088.0,,,,,,,,
Sonbhadra,,100,34.4,4.7,70.7,428088.0,,,,,,,,
Etah,,100,56.6,7.0,9.2,401998.0,,,,,,,,
Etah,,100,54.6,6.4,19.8,401998.0,,,,,,,,
Etah,,100,43.4,3.1,78.3,401998.0,,,,,,,,
Kanshiram Nagar,,100,61.5,8.9,11.2,343724.0,,,,,,,,
Kanshiram Nagar,,100,59.3,8.0,24.0,343724.0,,,,,,,,
Kanshiram Nagar,,100,50.1,4.4,76.9,343724.0,,,,,,,,
Pashchim Champaran,,100,63.3,4.9,11.5,936134.0,,,,,,,,
Pashchim Champaran,,100,62.1,5.2,15.9,936134.0,,,,,,,,
Pashchim Champaran,,100,51.9,7.4,53.9,936134.0,,,,,,,,
Purba Champaran,,100,56.0,5.6,15.5,1243825.0,,,,,,,,
Purba Champaran,,100,55.1,5.6,18.2,1243825.0,,,,,,,,
Purba Champaran,,100,42.9,5.7,54.0,1243825.0,,,,,,,,
Sheohar,,100,59.6,3.4,19.8,166000.0,,,,,,,,
Sheohar,,100,59.0,3.6,20.4,166000.0,,,,,,,,
Sheohar,,100,45.0,8.0,36.9,166000.0,,,,,,,,
Sitamarhi,,100,58.7,6.2,18.7,856964.0,,,,,,,,
Sitamarhi,,100,57.9,6.2,20.8,856964.0,,,,,,,,
Sitamarhi,,100,41.8,6.5,60.5,856964.0,,,,,,,,
Madhubani,,100,50.8,4.7,17.3,1088786.0,,,,,,,,
Madhubani,,100,50.5,4.8,18.5,1088786.0,,,,,,,,
Madhubani,,100,42.7,7.1,55.5,1088786.0,,,,,,,,
Supaul,,100,62.1,4.9,9.1,600102.0,,,,,,,,
Supaul,,100,61.7,5.0,10.8,600102.0,,,,,,,,
Supaul,,100,51.8,7.8,46.8,600102.0,,,,,,,,
Araria,,100,64.4,3.7,6.7,703274.0,,,,,,,,
Araria,,100,63.5,3.8,9.4,703274.0,,,,,,,,
Araria,,100,48.5,6.4,54.3,703274.0,,,,,,,,
Kishanganj,,100,62.2,3.5,6.2,445150.0,,,,,,,,
Kishanganj,,100,60.8,3.9,10.4,445150.0,,,,,,,,
Kishanganj,,100,46.4,7.9,51.9,445150.0,,,,,,,,
Purnia,,100,65.1,5.1,8.6,798596.0,,,,,,,,
Purnia,,100,63.2,5.5,13.7,798596.0,,,,,,,,
Purnia,,100,46.1,9.7,59.1,798596.0,,,,,,,,
Katihar,,100,62.0,5.0,12.7,738070.0,,,,,,,,
Katihar,,100,60.3,5.1,17.5,738070.0,,,,,,,,
Katihar,,100,42.3,7.1,68.5,738070.0,,,,,,,,
Madhepura,,100,64.0,6.2,11.3,510278.0,,,,,,,,
Madhepura,,100,63.2,6.3,13.1,510278.0,,,,,,,,
Madhepura,,100,45.9,8.7,51.3,510278.0,,,,,,,,
Saharsa,,100,64.3,6.6,12.5,470697.0,,,,,,,,
Saharsa,,100,62.7,6.7,16.7,470697.0,,,,,,,,
Saharsa,,100,43.1,7.4,67.6,470697.0,,,,,,,,
Darbhanga,,100,52.8,8.1,20.9,1002713.0,,,,,,,,
Darbhanga,,100,51.6,8.2,25.1,1002713.0,,,,,,,,
Darbhanga,,100,40.0,9.0,67.0,1002713.0,,,,,,,,
Muzaffarpur,,100,60.4,8.4,21.9,1119394.0,,,,,,,,
Muzaffarpur,,100,58.1,8.3,27.1,1119394.0,,,,,,,,
Muzaffarpur,,100,36.2,6.8,77.1,1119394.0,,,,,,,,
Gopalganj,,100,53.1,8.0,18.1,554058.0,,,,,,,,
Gopalganj,,100,52.3,7.9,20.0,554058.0,,,,,,,,
Gopalganj,,100,39.6,6.1,50.8,554058.0,,,,,,,,
Siwan,,100,46.6,8.2,20.2,674372.0,,,,,,,,
Siwan,,100,46.0,8.1,22.9,674372.0,,,,,,,,
Siwan,,100,34.4,6.1,71.4,674372.0,,,,,,,,
Saran,,100,51.4,8.7,17.8,777622.0,,,,,,,,
Saran,,100,50.6,8.6,21.4,777622.0,,,,,,,,
Saran,,100,41.5,7.9,59.0,777622.0,,,,,,,,
Vaishali,,100,56.9,12.3,25.0,750811.0,,,,,,,,
Vaishali,,100,56.1,12.2,27.2,750811.0,,,,,,,,
Vaishali,,100,44.6,10.6,62.0,750811.0,,,,,,,,
Samastipur,,100,59.2,9.7,17.0,1056465.0,,,,,,,,
Samastipur,,100,58.5,9.6,18.8,1056465.0,,,,,,,,
Samastipur,,100,38.6,6.5,70.2,1056465.0,,,,,,,,
Begusarai,,100,57.1,11.6,25.5,733625.0,,,,,,,,
Begusarai,,100,54.6,11.3,31.3,733625.0,,,,,,,,
Begusarai,,100,43.5,9.8,57.7,733625.0,,,,,,,,
Khagaria,,100,58.8,8.9,21.7,394703.0,,,,,,,,
Khagaria,,100,58.3,8.9,23.8,394703.0,,,,,,,,
Khagaria,,100,47.3,7.2,66.3,394703.0,,,,,,,,
Bhagalpur,,100,58.8,8.8,25.1,653161.0,,,,,,,,
Bhagalpur,,100,55.9,8.6,33.7,653161.0,,,,,,,,
Bhagalpur,,100,42.8,7.7,71.7,653161.0,,,,,,,,
Banka,,100,60.5,6.8,11.1,444096.0,,,,,,,,
Banka,,100,60.1,6.7,12.3,444096.0,,,,,,,,
Banka,,100,46.9,5.1,44.8,444096.0,,,,,,,,
Munger,,100,58.6,7.9,26.1,308063.0,,,,,,,,
Munger,,100,53.5,7.6,38.8,308063.0,,,,,,,,
Munger,,100,39.2,6.7,74.2,308063.0,,,,,,,,
Lakhisarai,,100,58.9,7.7,26.8,207645.0,,,,,,,,
Lakhisarai,,100,57.9,7.8,31.8,207645.0,,,,,,,,
Lakhisarai,,100,52.3,8.4,61.6,207645.0,,,,,,,,
Sheikhpura,,100,60.0,9.4,24.3,132638.0,,,,,,,,
Sheikhpura,,100,57.5,9.1,28.9,132638.0,,,,,,,,
Sheikhpura,,100,44.7,7.4,52.2,132638.0,,,,,,,,
Nalanda,,100,59.6,9.5,22.8,616663.0,,,,,,,,
Nalanda,,100,56.8,9.2,30.7,616663.0,,,,,,,,
Nalanda,,100,41.8,7.1,73.6,616663.0,,,,,,,,
Patna,,100,58.4,9.1,27.6,1210094.0,,,,,,,,
Patna,,100,46.6,7.4,53.0,1210094.0,,,,,,,,
Patna,,100,31.0,5.2,86.5,1210094.0,,,,,,,,
Bhojpur,,100,57.8,8.7,20.5,511927.0,,,,,,,,
Bhojpur,,100,55.5,8.6,27.2,511927.0,,,,,,,,
Bhojpur,,100,41.1,8.2,68.6,511927.0,,,,,,,,
Buxar,,100,56.8,10.5,20.0,334657.0,,,,,,,,
Buxar,,100,55.1,10.3,24.7,334657.0,,,,,,,,
Buxar,,100,39.6,8.8,67.2,334657.0,,,,,,,,
Kaimur (Bhabua),,100,60.3,6.5,14.5,340442.0,,,,,,,,
Kaimur (Bhabua),,100,59.2,6.4,16.7,340442.0,,,,,,,,
Kaimur (Bhabua),,100,33.5,4.6,70.2,340442.0,,,,,,,,
Rohtas,,100,57.7,6.4,21.1,608061.0,,,,,,,,
Rohtas,,100,55.3,6.3,28.2,608061.0,,,,,,,,
Rohtas,,100,41.8,5.9,68.4,608061.0,,,,,,,,
Aurangabad,,100,57.8,6.6,17.2,477297.0,,,,,,,,
Aurangabad,,100,57.8,6.6,17.2,979132.0,,,,,,,,
Aurangabad,,100,56.3,6.5,21.8,477297.0,,,,,,,,
Aurangabad,,100,56.3,6.5,21.8,979132.0,,,,,,,,
Aurangabad,,100,41.1,5.4,68.0,477297.0,,,,,,,,
Aurangabad,,100,41.1,5.4,68.0,979132.0,,,,,,,,
Gaya,,100,62.8,7.9,16.5,807571.0,,,,,,,,
Gaya,,100,59.4,7.5,24.2,807571.0,,,,,,,,
Gaya,,100,36.0,4.7,77.8,807571.0,,,,,,,,
Nawada,,100,62.3,10.3,17.3,424874.0,,,,,,,,
Nawada,,100,60.2,9.9,22.3,424874.0,,,,,,,,
Nawada,,100,39.7,6.4,69.3,424874.0,,,,,,,,
Jamui,,100,64.2,8.0,11.9,356760.0,,,,,,,,
Jamui,,100,63.0,8.0,14.8,356760.0,,,,,,,,
Jamui,,100,48.9,8.5,48.9,356760.0,,,,,,,,
Jehanabad,,100,61.2,9.1,22.3,214792.0,,,,,,,,
Jehanabad,,100,58.5,8.8,27.8,214792.0,,,,,,,,
Jehanabad,,100,39.2,6.9,67.7,214792.0,,,,,,,,
Arwal,,100,61.9,7.8,22.5,144294.0,,,,,,,,
Arwal,,100,61.2,7.7,23.7,144294.0,,,,,,,,
Arwal,,100,51.7,6.1,39.0,144294.0,,,,,,,,
North  District,,100,45.3,3.7,75.0,13609.0,,,,,,,,
North  District,,100,42.7,3.5,77.4,13609.0,,,,,,,,
North  District,,100,20.3,1.8,97.3,13609.0,,,,,,,,
West District,,100,51.6,7.9,84.1,33977.0,,,,,,,,
West District,,100,50.2,7.8,84.3,33977.0,,,,,,,,
West District,,100,15.4,6.6,89.3,33977.0,,,,,,,,
South District,,100,45.3,5.9,84.9,39298.0,,,,,,,,
South District,,100,40.5,5.1,86.9,39298.0,,,,,,,,
South District,,100,15.3,0.9,97.9,39298.0,,,,,,,,
East District,,100,41.6,7.5,85.8,82138.0,,,,,,,,
East District,,100,30.6,4.8,90.1,82138.0,,,,,,,,
East District,,100,18.4,1.7,94.9,82138.0,,,,,,,,
Tawang,,100,46.9,4.1,69.4,13182.0,,,,,,,,
Tawang,,100,43.2,3.5,74.1,13182.0,,,,,,,,
Tawang,,100,25.0,0.6,97.5,13182.0,,,,,,,,
West Kameng,,100,48.3,2.5,38.9,,,,,,,,,
West Kameng,,100,46.8,2.6,50.3,,,,,,,,,
West Kameng,,100,41.7,3.0,87.4,,,,,,,,,
East Kameng,,100,58.2,2.6,22.0,19718.0,,,,,,,,
East Kameng,,100,55.6,2.5,32.2,19718.0,,,,,,,,
East Kameng,,100,47.3,2.5,64.0,19718.0,,,,,,,,
Papum Pare,,100,44.3,4.0,54.8,50488.0,,,,,,,,
Papum Pare,,100,36.6,3.7,76.8,50488.0,,,,,,,,
Papum Pare,,100,31.4,3.5,91.7,50488.0,,,,,,,,
Upper Subansiri,,100,62.9,2.5,34.4,19214.0,,,,,,,,
Upper Subansiri,,100,58.9,2.3,42.8,19214.0,,,,,,,,
Upper Subansiri,,100,38.5,1.2,85.1,19214.0,,,,,,,,
West Siang,,100,41.2,0.8,71.1,30775.0,,,,,,,,
West Siang,,100,38.4,1.1,77.2,30775.0,,,,,,,,
West Siang,,100,30.0,2.1,95.6,30775.0,,,,,,,,
East Siang,,100,28.0,1.5,47.4,29021.0,,,,,,,,
East Siang,,100,37.2,2.4,61.5,29021.0,,,,,,,,
East Siang,,100,56.4,4.3,90.7,29021.0,,,,,,,,
Upper Siang,,100,29.2,0.4,56.3,10751.0,,,,,,,,
Upper Siang,,100,33.1,0.6,61.4,10751.0,,,,,,,,
Upper Siang,,100,47.5,1.1,80.2,10751.0,,,,,,,,
Changlang,,100,49.8,1.7,65.3,39920.0,,,,,,,,
Changlang,,100,48.2,1.6,69.0,39920.0,,,,,,,,
Changlang,,100,38.3,0.8,91.3,39920.0,,,,,,,,
Tirap,,100,43.3,1.0,85.6,24920.0,,,,,,,,
Tirap,,100,44.1,1.1,86.9,24920.0,,,,,,,,
Tirap,,100,47.2,1.5,91.9,24920.0,,,,,,,,
Lower Subansiri,,100,40.2,1.5,68.1,23477.0,,,,,,,,
Lower Subansiri,,100,37.0,1.3,74.2,23477.0,,,,,,,,
Lower Subansiri,,100,24.5,0.7,98.5,23477.0,,,,,,,,
Kurung Kumey,,100,44.7,12.5,23.5,19695.0,,,,,,,,
Kurung Kumey,,100,44.8,12.3,25.5,19695.0,,,,,,,,
Kurung Kumey,,100,49.7,5.1,80.6,19695.0,,,,,,,,
Dibang Valley,,100,49.7,7.2,64.7,3230.0,,,,,,,,
Dibang Valley,,100,49.4,6.7,70.1,3230.0,,,,,,,,
Dibang Valley,,100,48.8,5.6,82.2,3230.0,,,,,,,,
Lower Dibang Valley,,100,52.7,3.2,48.0,15950.0,,,,,,,,
Lower Dibang Valley,,100,48.5,3.3,56.4,15950.0,,,,,,,,
Lower Dibang Valley,,100,32.3,3.7,88.6,15950.0,,,,,,,,
Lohit,,100,54.1,6.0,49.5,44971.0,,,,,,,,
Lohit,,100,52.4,5.4,58.9,44971.0,,,,,,,,
Lohit,,100,46.7,3.6,89.2,44971.0,,,,,,,,
Anjaw,,100,52.8,6.0,27.7,6453.0,,,,,,,,
Anjaw,,100,53.3,5.8,28.7,6453.0,,,,,,,,
Anjaw,,100,68.3,0.0,64.2,6453.0,,,,,,,,
Mon,,100,64.0,1.4,62.7,51022.0,,,,,,,,
Mon,,100,61.9,2.0,66.9,51022.0,,,,,,,,
Mon,,100,48.7,5.6,94.2,51022.0,,,,,,,,
Mokokchung,,100,34.1,0.5,96.3,55278.0,,,,,,,,
Mokokchung,,100,33.8,0.6,97.0,55278.0,,,,,,,,
Mokokchung,,100,33.0,0.7,98.5,55278.0,,,,,,,,
Zunheboto,,100,44.2,1.7,71.7,37311.0,,,,,,,,
Zunheboto,,100,42.9,1.5,75.4,37311.0,,,,,,,,
Zunheboto,,100,36.1,0.2,94.4,37311.0,,,,,,,,
Wokha,,100,51.6,1.0,59.5,46669.0,,,,,,,,
Wokha,,100,46.0,0.9,66.5,46669.0,,,,,,,,
Wokha,,100,21.7,0.2,96.7,46669.0,,,,,,,,
Dimapur,,100,44.7,3.2,91.6,111969.0,,,,,,,,
Dimapur,,100,39.3,2.6,94.4,111969.0,,,,,,,,
Dimapur,,100,34.6,2.1,96.8,111969.0,,,,,,,,
Phek,,100,54.4,2.4,75.4,46198.0,,,,,,,,
Phek,,100,52.4,2.1,77.8,46198.0,,,,,,,,
Phek,,100,38.9,0.4,93.6,46198.0,,,,,,,,
Tuensang,,100,55.0,3.4,49.8,50141.0,,,,,,,,
Tuensang,,100,54.8,3.4,56.6,50141.0,,,,,,,,
Tuensang,,100,53.9,3.1,88.8,50141.0,,,,,,,,
Longleng,,100,66.1,2.2,69.0,15137.0,,,,,,,,
Longleng,,100,65.8,2.7,69.9,15137.0,,,,,,,,
Longleng,,100,63.7,5.6,75.7,15137.0,,,,,,,,
Kiphire,,100,57.2,1.0,36.6,20322.0,,,,,,,,
Kiphire,,100,51.5,0.9,48.1,20322.0,,,,,,,,
Kiphire,,100,27.8,0.4,95.3,20322.0,,,,,,,,
Kohima,,100,33.6,0.6,52.2,76100.0,,,,,,,,
Kohima,,100,32.8,1.2,71.8,76100.0,,,,,,,,
Kohima,,100,31.9,1.9,92.0,76100.0,,,,,,,,
Peren,,100,53.0,0.9,77.1,24277.0,,,,,,,,
Peren,,100,54.2,1.1,79.5,24277.0,,,,,,,,
Peren,,100,61.1,2.1,92.9,24277.0,,,,,,,,
Senapati,,100,59.7,2.2,72.5,39834.0,,,,,,,,
Senapati,,100,59.7,2.1,73.0,39834.0,,,,,,,,
Senapati,,100,63.4,1.8,97.6,39834.0,,,,,,,,
Tamenglong,,100,56.6,8.4,66.4,28101.0,,,,,,,,
Tamenglong,,100,56.3,8.6,70.6,28101.0,,,,,,,,
Tamenglong,,100,54.7,10.4,96.7,28101.0,,,,,,,,
Churachandpur,,100,53.6,2.3,82.3,57825.0,,,,,,,,
Churachandpur,,100,53.5,2.3,83.4,57825.0,,,,,,,,
Churachandpur,,100,52.5,2.3,98.8,57825.0,,,,,,,,
Bishnupur,,100,34.7,5.9,91.1,56149.0,,,,,,,,
Bishnupur,,100,33.0,5.2,92.3,56149.0,,,,,,,,
Bishnupur,,100,30.1,4.1,94.4,56149.0,,,,,,,,
Thoubal,,100,33.5,5.5,91.7,104263.0,,,,,,,,
Thoubal,,100,31.1,5.4,92.6,104263.0,,,,,,,,
Thoubal,,100,26.8,5.2,94.1,104263.0,,,,,,,,
Imphal West,,100,33.1,5.3,92.0,136801.0,,,,,,,,
Imphal West,,100,31.5,4.7,94.9,136801.0,,,,,,,,
Imphal West,,100,30.5,4.4,96.7,136801.0,,,,,,,,
Imphal East,,100,36.4,4.6,90.9,110941.0,,,,,,,,
Imphal East,,100,34.4,4.0,92.8,110941.0,,,,,,,,
Imphal East,,100,31.5,3.2,95.5,110941.0,,,,,,,,
Ukhrul,,100,70.4,5.2,80.4,41890.0,,,,,,,,
Ukhrul,,100,68.5,5.0,82.6,41890.0,,,,,,,,
Ukhrul,,100,56.4,4.2,96.1,41890.0,,,,,,,,
Chandel,,100,58.4,4.1,77.1,34160.0,,,,,,,,
Chandel,,100,56.4,5.4,79.3,34160.0,,,,,,,,
Chandel,,100,40.7,15.6,96.9,34160.0,,,,,,,,
Mamit,,100,49.7,5.9,83.1,20855.0,,,,,,,,
Mamit,,100,44.5,5.0,85.9,20855.0,,,,,,,,
Mamit,,100,21.4,1.0,98.7,20855.0,,,,,,,,
Kolasib,,100,47.1,2.2,95.7,22176.0,,,,,,,,
Kolasib,,100,42.3,2.3,96.2,22176.0,,,,,,,,
Kolasib,,100,38.5,2.4,96.6,22176.0,,,,,,,,
Aizawl,,100,34.6,1.7,97.4,100911.0,,,,,,,,
Aizawl,,100,20.4,0.9,98.9,100911.0,,,,,,,,
Aizawl,,100,16.6,0.7,99.3,100911.0,,,,,,,,
Champhai,,100,48.2,4.8,94.9,31112.0,,,,,,,,
Champhai,,100,46.7,3.5,95.9,31112.0,,,,,,,,
Champhai,,100,44.4,1.5,97.4,31112.0,,,,,,,,
Serchhip,,100,52.0,6.2,96.4,15490.0,,,,,,,,
Serchhip,,100,49.3,7.9,97.9,15490.0,,,,,,,,
Serchhip,,100,46.6,9.6,99.4,15490.0,,,,,,,,
Lunglei,,100,49.8,3.9,80.5,38794.0,,,,,,,,
Lunglei,,100,40.0,2.6,87.6,38794.0,,,,,,,,
Lunglei,,100,26.8,0.8,97.2,38794.0,,,,,,,,
Lawngtlai,,100,49.7,5.2,60.5,27266.0,,,,,,,,
Lawngtlai,,100,47.1,4.6,66.9,27266.0,,,,,,,,
Lawngtlai,,100,34.6,1.6,98.3,27266.0,,,,,,,,
Saiha,,100,32.4,5.2,87.0,12827.0,,,,,,,,
Saiha,,100,30.9,4.0,91.5,12827.0,,,,,,,,
Saiha,,100,28.7,2.3,97.6,12827.0,,,,,,,,
West Tripura,,100,41.4,4.0,85.2,506637.0,,,,,,,,
West Tripura,,100,37.6,3.8,90.5,506637.0,,,,,,,,
West Tripura,,100,32.2,3.6,98.1,506637.0,,,,,,,,
South Tripura,,100,42.9,4.5,82.6,264077.0,,,,,,,,
South Tripura,,100,40.5,4.4,85.0,264077.0,,,,,,,,
South Tripura,,100,27.4,3.6,98.0,264077.0,,,,,,,,
Dhalai,,100,47.5,7.2,66.4,103528.0,,,,,,,,
Dhalai,,100,46.6,7.4,70.0,103528.0,,,,,,,,
Dhalai,,100,40.0,9.0,96.4,103528.0,,,,,,,,
North Tripura,,100,48.4,8.3,81.5,192621.0,,,,,,,,
North Tripura,,100,45.8,8.0,84.4,192621.0,,,,,,,,
North Tripura,,100,34.4,7.1,97.0,192621.0,,,,,,,,
West Garo Hills,,100,49.0,5.5,56.3,157945.0,,,,,,,,
West Garo Hills,,100,47.3,5.6,60.6,157945.0,,,,,,,,
West Garo Hills,,100,34.1,6.3,93.9,157945.0,,,,,,,,
East Garo Hills,,100,48.9,3.6,79.3,74216.0,,,,,,,,
East Garo Hills,,100,48.0,3.3,81.7,74216.0,,,,,,,,
East Garo Hills,,100,42.3,1.2,96.7,74216.0,,,,,,,,
South Garo Hills,,100,51.2,4.0,63.4,39643.0,,,,,,,,
South Garo Hills,,100,50.3,3.8,65.7,39643.0,,,,,,,,
South Garo Hills,,100,41.9,2.7,87.4,39643.0,,,,,,,,
West Khasi Hills,,100,56.1,9.2,40.8,87131.0,,,,,,,,
West Khasi Hills,,100,55.0,8.7,46.4,87131.0,,,,,,,,
West Khasi Hills,,100,46.8,4.6,90.5,87131.0,,,,,,,,
Ribhoi,,100,53.9,5.9,64.1,63724.0,,,,,,,,
Ribhoi,,100,52.3,5.7,66.4,63724.0,,,,,,,,
Ribhoi,,100,34.1,3.1,91.4,63724.0,,,,,,,,
East Khasi Hills,,100,52.9,9.3,44.3,215091.0,,,,,,,,
East Khasi Hills,,100,39.0,5.9,69.2,215091.0,,,,,,,,
East Khasi Hills,,100,23.5,2.1,96.9,215091.0,,,,,,,,
Jaintia Hills,,100,46.4,8.4,43.6,83717.0,,,,,,,,
Jaintia Hills,,100,43.9,7.9,47.7,83717.0,,,,,,,,
Jaintia Hills,,100,14.0,2.1,96.1,83717.0,,,,,,,,
Kokrajhar,,100,55.0,13.0,24.9,222011.0,,,,,,,,
Kokrajhar,,100,53.0,12.4,29.2,222011.0,,,,,,,,
Kokrajhar,,100,24.8,4.7,90.1,222011.0,,,,,,,,
Dhubri,,100,64.2,17.6,39.0,521019.0,,,,,,,,
Dhubri,,100,61.6,17.0,43.3,521019.0,,,,,,,,
Dhubri,,100,39.8,12.2,80.1,521019.0,,,,,,,,
Goalpara,,100,60.4,12.6,62.1,268114.0,,,,,,,,
Goalpara,,100,58.4,11.9,65.5,268114.0,,,,,,,,
Goalpara,,100,46.4,8.0,85.0,268114.0,,,,,,,,
Barpeta,,100,63.2,18.8,69.8,499381.0,,,,,,,,
Barpeta,,100,60.5,17.7,71.9,499381.0,,,,,,,,
Barpeta,,100,33.8,7.4,92.8,499381.0,,,,,,,,
Morigaon,,100,62.5,14.8,57.2,257481.0,,,,,,,,
Morigaon,,100,60.7,14.3,60.1,257481.0,,,,,,,,
Morigaon,,100,42.8,9.2,90.3,257481.0,,,,,,,,
Nagaon,,100,59.3,13.8,72.0,799185.0,,,,,,,,
Nagaon,,100,57.1,12.6,75.3,799185.0,,,,,,,,
Nagaon,,100,43.7,5.9,95.2,799185.0,,,,,,,,
Sonitpur,,100,58.1,10.2,55.0,547853.0,,,,,,,,
Sonitpur,,100,55.4,9.6,59.2,547853.0,,,,,,,,
Sonitpur,,100,32.2,4.5,95.0,547853.0,,,,,,,,
Lakhimpur,,100,64.8,9.7,53.7,327933.0,,,,,,,,
Lakhimpur,,100,61.9,9.2,58.0,327933.0,,,,,,,,
Lakhimpur,,100,37.7,5.5,94.7,327933.0,,,,,,,,
Dhemaji,,100,66.2,10.0,40.3,228262.0,,,,,,,,
Dhemaji,,100,64.7,9.7,44.8,228262.0,,,,,,,,
Dhemaji,,100,48.3,7.2,95.6,228262.0,,,,,,,,
Tinsukia,,100,56.0,5.0,77.3,381614.0,,,,,,,,
Tinsukia,,100,51.9,5.0,81.1,381614.0,,,,,,,,
Tinsukia,,100,37.1,5.0,94.5,381614.0,,,,,,,,
Dibrugarh,,100,54.2,5.7,74.2,377015.0,,,,,,,,
Dibrugarh,,100,49.3,5.4,78.7,377015.0,,,,,,,,
Dibrugarh,,100,29.7,4.1,96.4,377015.0,,,,,,,,
Sivasagar,,100,60.3,6.1,71.9,405229.0,,,,,,,,
Sivasagar,,100,57.7,5.9,74.2,405229.0,,,,,,,,
Sivasagar,,100,36.4,3.9,93.2,405229.0,,,,,,,,
Jorhat,,100,60.9,8.1,58.9,367154.0,,,,,,,,
Jorhat,,100,55.2,7.2,66.7,367154.0,,,,,,,,
Jorhat,,100,35.3,4.0,94.2,367154.0,,,,,,,,
Golaghat,,100,64.0,7.9,65.1,327083.0,,,,,,,,
Golaghat,,100,61.5,7.5,68.4,327083.0,,,,,,,,
Golaghat,,100,38.7,4.2,97.7,327083.0,,,,,,,,
Karbi Anglong,,100,65.1,4.3,48.5,252876.0,,,,,,,,
Karbi Anglong,,100,63.3,4.2,54.8,252876.0,,,,,,,,
Karbi Anglong,,100,52.0,3.6,94.5,252876.0,,,,,,,,
Dima Hasao,,100,62.4,4.5,57.1,58919.0,,,,,,,,
Dima Hasao,,100,57.0,4.1,69.4,58919.0,,,,,,,,
Dima Hasao,,100,45.2,3.3,96.6,58919.0,,,,,,,,
Cachar,,100,56.9,12.2,77.6,435160.0,,,,,,,,
Cachar,,100,53.2,11.1,81.0,435160.0,,,,,,,,
Cachar,,100,37.2,6.1,95.8,435160.0,,,,,,,,
Karimganj,,100,57.6,14.9,83.7,294640.0,,,,,,,,
Karimganj,,100,55.6,14.3,85.0,294640.0,,,,,,,,
Karimganj,,100,36.1,8.7,97.4,294640.0,,,,,,,,
Hailakandi,,100,59.5,16.8,81.9,175417.0,,,,,,,,
Hailakandi,,100,57.4,16.1,83.1,175417.0,,,,,,,,
Hailakandi,,100,30.5,7.6,98.1,175417.0,,,,,,,,
Bongaigaon,,100,64.3,12.5,49.2,220393.0,,,,,,,,
Bongaigaon,,100,58.4,11.1,56.4,220393.0,,,,,,,,
Bongaigaon,,100,29.0,4.3,91.6,220393.0,,,,,,,,
Chirang,,100,57.5,10.9,24.0,140631.0,,,,,,,,
Chirang,,100,56.1,11.2,28.7,140631.0,,,,,,,,
Chirang,,100,39.5,14.8,84.9,140631.0,,,,,,,,
Kamrup,,100,59.1,12.3,57.0,434445.0,,,,,,,,
Kamrup,,100,57.7,11.9,59.2,434445.0,,,,,,,,
Kamrup,,100,45.1,8.5,78.7,434445.0,,,,,,,,
Kamrup Metropolitan,,100,52.4,10.1,64.7,428192.0,,,,,,,,
Kamrup Metropolitan,,100,31.0,4.8,92.3,428192.0,,,,,,,,
Kamrup Metropolitan,,100,27.3,3.9,97.0,428192.0,,,,,,,,
Nalbari,,100,61.0,9.5,63.7,238944.0,,,,,,,,
Nalbari,,100,59.0,9.4,66.7,238944.0,,,,,,,,
Nalbari,,100,43.3,8.5,90.1,238944.0,,,,,,,,
Baksa,,100,64.3,11.2,38.7,295221.0,,,,,,,,
Baksa,,100,64.2,11.2,39.4,295221.0,,,,,,,,
Baksa,,100,53.2,7.5,94.1,295221.0,,,,,,,,
Darrang,,100,57.6,17.8,47.6,288706.0,,,,,,,,
Darrang,,100,56.0,17.2,50.6,288706.0,,,,,,,,
Darrang,,100,34.4,8.6,91.8,288706.0,,,,,,,,
Udalguri,,100,59.9,10.7,41.5,281625.0,,,,,,,,
Udalguri,,100,58.6,10.5,43.9,281625.0,,,,,,,,
Udalguri,,100,35.3,7.2,89.8,281625.0,,,,,,,,
Darjiling,,100,54.2,8.0,52.3,518959.0,,,,,,,,
Darjiling,,100,45.5,7.0,65.7,518959.0,,,,,,,,
Darjiling,,100,31.7,5.3,87.0,518959.0,,,,,,,,
Jalpaiguri,,100,57.8,16.0,37.1,1117804.0,,,,,,,,
Jalpaiguri,,100,52.0,14.5,49.7,1117804.0,,,,,,,,
Jalpaiguri,,100,37.2,10.5,82.3,1117804.0,,,,,,,,
Koch Bihar,,100,57.7,12.6,55.7,900738.0,,,,,,,,
Koch Bihar,,100,55.2,12.1,59.2,900738.0,,,,,,,,
Koch Bihar,,100,33.9,7.9,90.3,900738.0,,,,,,,,
Uttar Dinajpur,,100,57.9,12.4,20.6,778250.0,,,,,,,,
Uttar Dinajpur,,100,55.8,12.6,27.5,778250.0,,,,,,,,
Uttar Dinajpur,,100,40.0,14.6,80.6,778250.0,,,,,,,,
Dakshin Dinajpur,,100,57.6,11.9,27.5,461026.0,,,,,,,,
Dakshin Dinajpur,,100,54.2,11.5,36.8,461026.0,,,,,,,,
Dakshin Dinajpur,,100,34.3,9.3,91.6,461026.0,,,,,,,,
Maldah,,100,59.0,11.3,25.4,958996.0,,,,,,,,
Maldah,,100,57.6,10.9,31.7,958996.0,,,,,,,,
Maldah,,100,48.5,8.3,74.3,958996.0,,,,,,,,
Murshidabad,,100,56.1,17.0,34.7,1851965.0,,,,,,,,
Murshidabad,,100,54.7,16.0,39.5,1851965.0,,,,,,,,
Murshidabad,,100,48.5,11.6,61.8,1851965.0,,,,,,,,
Birbhum,,100,52.0,15.6,18.7,965609.0,,,,,,,,
Birbhum,,100,50.2,14.8,24.1,965609.0,,,,,,,,
Birbhum,,100,37.3,9.3,61.6,965609.0,,,,,,,,
Barddhaman,,100,51.8,9.4,46.1,2227236.0,,,,,,,,
Barddhaman,,100,46.7,8.3,55.7,2227236.0,,,,,,,,
Barddhaman,,100,38.2,6.3,71.5,2227236.0,,,,,,,,
Nadia,,100,53.9,15.6,71.3,1549771.0,,,,,,,,
Nadia,,100,50.3,14.1,77.6,1549771.0,,,,,,,,
Nadia,,100,41.2,10.6,93.3,1549771.0,,,,,,,,
North Twenty Four Parganas,,100,46.3,19.7,78.9,2859140.0,,,,,,,,
North Twenty Four Parganas,,100,39.0,11.6,87.5,2859140.0,,,,,,,,
North Twenty Four Parganas,,100,33.4,5.4,94.0,2859140.0,,,,,,,,
Hugli,,100,45.5,11.7,60.1,1640038.0,,,,,,,,
Hugli,,100,40.9,9.2,71.2,1640038.0,,,,,,,,
Hugli,,100,33.7,5.3,88.8,1640038.0,,,,,,,,
Bankura,,100,52.4,11.7,16.5,991400.0,,,,,,,,
Bankura,,100,51.2,11.5,20.3,991400.0,,,,,,,,
Bankura,,100,38.8,8.9,60.4,991400.0,,,,,,,,
Puruliya,,100,62.7,7.4,6.1,752652.0,,,,,,,,
Puruliya,,100,60.2,7.3,11.8,752652.0,,,,,,,,
Puruliya,,100,43.5,6.7,50.9,752652.0,,,,,,,,
Haora,,100,40.4,13.9,60.2,1352697.0,,,,,,,,
Haora,,100,37.1,9.2,74.7,1352697.0,,,,,,,,
Haora,,100,35.2,6.5,83.5,1352697.0,,,,,,,,
Kolkata,,100,30.9,2.7,94.9,1308106.0,,,,,,,,
Kolkata,,100,30.9,2.7,94.9,1308106.0,,,,,,,,
South Twenty Four Parganas,,100,49.9,16.2,55.0,2180232.0,,,,,,,,
South Twenty Four Parganas,,100,46.9,14.0,62.6,2180232.0,,,,,,,,
South Twenty Four Parganas,,100,38.5,8.1,83.1,2180232.0,,,,,,,,
Paschim Medinipur,,100,52.2,13.2,41.9,1565383.0,,,,,,,,
Paschim Medinipur,,100,49.8,12.6,46.1,1565383.0,,,,,,,,
Paschim Medinipur,,100,32.8,8.3,77.2,1565383.0,,,,,,,,
Purba Medinipur,,100,49.0,18.1,85.6,1363713.0,,,,,,,,
Purba Medinipur,,100,47.5,17.2,85.3,1363713.0,,,,,,,,
Purba Medinipur,,100,34.8,10.1,82.8,1363713.0,,,,,,,,
Garhwa,,100,62.4,4.6,4.9,292052.0,,,,,,,,
Garhwa,,100,61.4,4.7,7.1,292052.0,,,,,,,,
Garhwa,,100,44.5,6.8,46.3,292052.0,,,,,,,,
Chatra,,100,57.5,4.5,6.6,215502.0,,,,,,,,
Chatra,,100,56.8,4.5,10.1,215502.0,,,,,,,,
Chatra,,100,46.4,4.1,65.7,215502.0,,,,,,,,
Kodarma,,100,52.3,4.2,7.6,151485.0,,,,,,,,
Kodarma,,100,50.7,4.4,16.5,151485.0,,,,,,,,
Kodarma,,100,44.7,5.4,50.3,151485.0,,,,,,,,
Giridih,,100,53.6,3.1,5.8,499450.0,,,,,,,,
Giridih,,100,52.1,3.1,10.8,499450.0,,,,,,,,
Giridih,,100,37.0,3.4,61.3,499450.0,,,,,,,,
Deoghar,,100,60.6,5.1,5.5,321710.0,,,,,,,,
Deoghar,,100,56.5,5.0,16.4,321710.0,,,,,,,,
Deoghar,,100,37.4,4.2,68.3,321710.0,,,,,,,,
Godda,,100,62.7,9.2,7.9,292030.0,,,,,,,,
Godda,,100,61.5,9.0,10.5,292030.0,,,,,,,,
Godda,,100,36.8,4.2,64.9,292030.0,,,,,,,,
Sahibganj,,100,65.1,7.3,9.2,260993.0,,,,,,,,
Sahibganj,,100,62.6,7.3,15.3,260993.0,,,,,,,,
Sahibganj,,100,46.5,7.8,54.3,260993.0,,,,,,,,
Pakur,,100,59.9,7.1,7.3,217175.0,,,,,,,,
Pakur,,100,59.0,7.0,10.2,217175.0,,,,,,,,
Pakur,,100,46.7,5.7,46.5,217175.0,,,,,,,,
Dhanbad,,100,52.2,4.7,12.2,664219.0,,,,,,,,
Dhanbad,,100,47.7,4.2,39.8,664219.0,,,,,,,,
Dhanbad,,100,44.5,3.9,59.3,664219.0,,,,,,,,
Bokaro,,100,50.3,4.1,6.6,508764.0,,,,,,,,
Bokaro,,100,43.8,3.6,33.5,508764.0,,,,,,,,
Bokaro,,100,36.7,3.2,62.7,508764.0,,,,,,,,
Lohardaga,,100,62.5,2.8,7.3,111484.0,,,,,,,,
Lohardaga,,100,59.3,3.0,14.9,111484.0,,,,,,,,
Lohardaga,,100,36.2,4.4,70.5,111484.0,,,,,,,,
Purbi Singhbhum,,100,51.0,5.8,13.6,604663.0,,,,,,,,
Purbi Singhbhum,,100,37.4,3.9,49.9,604663.0,,,,,,,,
Purbi Singhbhum,,100,25.8,2.3,80.7,604663.0,,,,,,,,
Palamu,,100,62.8,6.3,7.4,407904.0,,,,,,,,
Palamu,,100,60.3,6.2,13.1,407904.0,,,,,,,,
Palamu,,100,40.1,5.4,58.3,407904.0,,,,,,,,
Latehar,,100,58.0,2.2,7.2,160514.0,,,,,,,,
Latehar,,100,56.7,2.4,10.8,160514.0,,,,,,,,
Latehar,,100,40.6,5.0,55.8,160514.0,,,,,,,,
Hazaribagh,,100,48.5,3.3,9.3,381748.0,,,,,,,,
Hazaribagh,,100,46.1,3.3,19.6,381748.0,,,,,,,,
Hazaribagh,,100,33.1,3.0,73.5,381748.0,,,,,,,,
Ramgarh,,100,50.1,3.8,11.0,252625.0,,,,,,,,
Ramgarh,,100,45.5,3.7,32.9,252625.0,,,,,,,,
Ramgarh,,100,39.8,3.6,60.0,252625.0,,,,,,,,
Dumka,,100,63.9,6.0,6.2,326978.0,,,,,,,,
Dumka,,100,62.0,5.9,9.8,326978.0,,,,,,,,
Dumka,,100,33.5,5.0,64.2,326978.0,,,,,,,,
Jamtara,,100,62.6,4.9,4.4,185668.0,,,,,,,,
Jamtara,,100,59.8,4.7,9.8,185668.0,,,,,,,,
Jamtara,,100,33.5,3.3,60.1,185668.0,,,,,,,,
Ranchi,,100,55.0,3.0,13.2,730982.0,,,,,,,,
Ranchi,,100,45.2,3.5,40.9,730982.0,,,,,,,,
Ranchi,,100,31.8,4.1,79.1,730982.0,,,,,,,,
Khunti,,100,57.7,3.4,4.0,135719.0,,,,,,,,
Khunti,,100,56.0,3.4,8.4,135719.0,,,,,,,,
Khunti,,100,38.2,3.0,53.9,135719.0,,,,,,,,
Gumla,,100,63.3,2.9,6.4,233074.0,,,,,,,,
Gumla,,100,61.7,3.0,10.3,233074.0,,,,,,,,
Gumla,,100,38.4,5.0,68.5,233074.0,,,,,,,,
Simdega,,100,59.6,2.9,4.9,155283.0,,,,,,,,
Simdega,,100,58.2,3.0,8.2,155283.0,,,,,,,,
Simdega,,100,40.0,4.0,53.4,155283.0,,,,,,,,
Pashchimi Singhbhum,,100,50.9,4.0,3.7,400324.0,,,,,,,,
Pashchimi Singhbhum,,100,49.0,4.1,11.8,400324.0,,,,,,,,
Pashchimi Singhbhum,,100,37.5,4.5,58.9,400324.0,,,,,,,,
Saraikela-Kharsawan,,100,53.5,3.6,6.4,285687.0,,,,,,,,
Saraikela-Kharsawan,,100,49.5,3.6,20.3,285687.0,,,,,,,,
Saraikela-Kharsawan,,100,36.6,3.4,64.5,285687.0,,,,,,,,
Bargarh,,100,66.9,8.5,12.3,458961.0,,,,,,,,
Bargarh,,100,65.1,8.1,16.1,458961.0,,,,,,,,
Bargarh,,100,46.7,4.7,54.2,458961.0,,,,,,,,
Jharsuguda,,100,71.5,5.9,9.4,177186.0,,,,,,,,
Jharsuguda,,100,61.7,5.8,26.1,177186.0,,,,,,,,
Jharsuguda,,100,45.5,5.6,53.6,177186.0,,,,,,,,
Sambalpur,,100,69.7,7.8,8.6,315495.0,,,,,,,,
Sambalpur,,100,61.7,7.0,22.9,315495.0,,,,,,,,
Sambalpur,,100,41.2,5.2,59.5,315495.0,,,,,,,,
Debagarh,,100,75.0,13.4,5.9,98758.0,,,,,,,,
Debagarh,,100,74.1,12.9,9.2,98758.0,,,,,,,,
Debagarh,,100,62.3,5.5,51.3,98758.0,,,,,,,,
Sundargarh,,100,75.9,5.8,8.4,618062.0,,,,,,,,
Sundargarh,,100,66.0,5.3,28.0,618062.0,,,,,,,,
Sundargarh,,100,46.9,4.4,65.5,618062.0,,,,,,,,
Kendujhar,,100,70.0,8.6,9.3,574298.0,,,,,,,,
Kendujhar,,100,67.0,8.5,15.1,574298.0,,,,,,,,
Kendujhar,,100,48.8,7.7,50.8,574298.0,,,,,,,,
Mayurbhanj,,100,72.5,8.6,15.0,753589.0,,,,,,,,
Mayurbhanj,,100,70.4,8.6,18.6,753589.0,,,,,,,,
Mayurbhanj,,100,43.8,8.1,64.0,753589.0,,,,,,,,
Baleshwar,,100,62.1,11.6,22.7,683594.0,,,,,,,,
Baleshwar,,100,60.0,11.1,27.5,683594.0,,,,,,,,
Baleshwar,,100,42.2,7.2,68.0,683594.0,,,,,,,,
Bhadrak,,100,64.3,8.9,16.0,428106.0,,,,,,,,
Bhadrak,,100,63.0,8.8,20.1,428106.0,,,,,,,,
Bhadrak,,100,52.7,7.4,51.8,428106.0,,,,,,,,
Kendrapara,,100,57.0,7.5,15.8,438243.0,,,,,,,,
Kendrapara,,100,56.4,7.5,17.8,438243.0,,,,,,,,
Kendrapara,,100,44.6,8.8,57.8,438243.0,,,,,,,,
Jagatsinghapur,,100,57.3,7.1,22.1,352732.0,,,,,,,,
Jagatsinghapur,,100,57.3,6.7,24.5,352732.0,,,,,,,,
Jagatsinghapur,,100,57.2,3.7,44.8,352732.0,,,,,,,,
Cuttack,,100,55.0,10.1,22.4,790297.0,,,,,,,,
Cuttack,,100,50.4,9.2,36.3,790297.0,,,,,,,,
Cuttack,,100,36.6,6.4,78.0,790297.0,,,,,,,,
Jajapur,,100,57.8,14.6,19.9,541139.0,,,,,,,,
Jajapur,,100,56.7,14.1,22.9,541139.0,,,,,,,,
Jajapur,,100,42.9,7.0,61.2,541139.0,,,,,,,,
Dhenkanal,,100,65.5,11.5,14.2,352369.0,,,,,,,,
Dhenkanal,,100,63.4,11.2,18.3,352369.0,,,,,,,,
Dhenkanal,,100,41.8,7.6,59.8,352369.0,,,,,,,,
Anugul,,100,64.4,12.0,16.7,414587.0,,,,,,,,
Anugul,,100,60.4,11.1,24.1,414587.0,,,,,,,,
Anugul,,100,38.8,6.6,64.0,414587.0,,,,,,,,
Nayagarh,,100,64.3,12.2,15.9,288334.0,,,,,,,,
Nayagarh,,100,63.1,11.8,19.0,288334.0,,,,,,,,
Nayagarh,,100,48.5,7.6,55.8,288334.0,,,,,,,,
Khordha,,100,62.4,8.5,18.3,688729.0,,,,,,,,
Khordha,,100,49.7,6.9,47.1,688729.0,,,,,,,,
Khordha,,100,36.6,5.1,76.6,688729.0,,,,,,,,
Puri,,100,64.1,11.2,15.6,474224.0,,,,,,,,
Puri,,100,61.6,10.4,23.8,474224.0,,,,,,,,
Puri,,100,46.4,5.8,73.3,474224.0,,,,,,,,
Ganjam,,100,61.6,9.5,19.1,1015394.0,,,,,,,,
Ganjam,,100,57.1,8.6,28.5,1015394.0,,,,,,,,
Ganjam,,100,39.9,5.2,65.3,1015394.0,,,,,,,,
Gajapati,,100,67.0,5.9,12.7,175145.0,,,,,,,,
Gajapati,,100,63.7,5.8,18.1,175145.0,,,,,,,,
Gajapati,,100,40.7,5.0,56.7,175145.0,,,,,,,,
Kandhamal,,100,68.8,6.6,6.3,242935.0,,,,,,,,
Kandhamal,,100,66.7,6.6,11.1,242935.0,,,,,,,,
Kandhamal,,100,46.5,6.4,56.5,242935.0,,,,,,,,
Baudh,,100,75.1,4.7,9.0,137954.0,,,,,,,,
Baudh,,100,74.3,4.7,10.8,137954.0,,,,,,,,
Baudh,,100,56.1,5.4,51.3,137954.0,,,,,,,,
Subarnapur,,100,74.0,7.2,7.9,193502.0,,,,,,,,
Subarnapur,,100,73.0,7.1,10.3,193502.0,,,,,,,,
Subarnapur,,100,61.4,5.8,39.0,193502.0,,,,,,,,
Balangir,,100,68.6,7.0,10.1,538962.0,,,,,,,,
Balangir,,100,66.3,7.0,15.1,538962.0,,,,,,,,
Balangir,,100,46.9,6.8,58.1,538962.0,,,,,,,,
Nuapada,,100,72.9,4.8,12.7,209127.0,,,,,,,,
Nuapada,,100,71.9,4.9,14.5,209127.0,,,,,,,,
Nuapada,,100,52.7,6.5,48.4,209127.0,,,,,,,,
Kalahandi,,100,70.3,9.4,8.2,494748.0,,,,,,,,
Kalahandi,,100,68.8,9.3,11.7,494748.0,,,,,,,,
Kalahandi,,100,47.8,6.9,58.8,494748.0,,,,,,,,
Rayagada,,100,69.7,5.7,6.6,286548.0,,,,,,,,
Rayagada,,100,64.6,5.5,14.8,286548.0,,,,,,,,
Rayagada,,100,35.8,4.3,60.5,286548.0,,,,,,,,
Nabarangapur,,100,69.3,4.4,5.8,372264.0,,,,,,,,
Nabarangapur,,100,67.9,4.4,9.3,372264.0,,,,,,,,
Nabarangapur,,100,51.4,4.9,53.4,372264.0,,,,,,,,
Koraput,,100,65.7,5.3,8.2,460128.0,,,,,,,,
Koraput,,100,61.4,5.4,17.4,460128.0,,,,,,,,
Koraput,,100,38.9,5.6,64.9,460128.0,,,,,,,,
Malkangiri,,100,67.3,7.4,6.0,183723.0,,,,,,,,
Malkangiri,,100,65.6,7.5,9.3,183723.0,,,,,,,,
Malkangiri,,100,45.7,8.4,47.7,183723.0,,,,,,,,
Koriya,,100,50.5,2.2,8.5,181615.0,,,,,,,,
Koriya,,100,46.7,1.9,23.4,181615.0,,,,,,,,
Koriya,,100,37.5,1.3,59.3,181615.0,,,,,,,,
Surguja,,100,49.0,2.1,21.5,,,,,,,,,
Surguja,,100,47.2,2.1,25.1,,,,,,,,,
Surguja,,100,29.4,1.6,61.3,,,,,,,,,
Jashpur,,100,41.9,1.8,11.8,,,,,,,,,
Jashpur,,100,41.6,1.7,14.2,,,,,,,,,
Jashpur,,100,37.8,1.2,42.2,,,,,,,,,
Raigarh,,100,57.4,4.8,13.0,420916.0,,,,,,,,
Raigarh,,100,57.4,4.8,13.0,959028.0,,,,,,,,
Raigarh,,100,54.6,4.6,19.3,420916.0,,,,,,,,
Raigarh,,100,54.6,4.6,19.3,959028.0,,,,,,,,
Raigarh,,100,37.8,3.0,57.3,420916.0,,,,,,,,
Raigarh,,100,37.8,3.0,57.3,959028.0,,,,,,,,
Korba,,100,54.4,3.2,11.9,332653.0,,,,,,,,
Korba,,100,45.8,2.6,28.1,332653.0,,,,,,,,
Korba,,100,29.7,1.6,58.6,332653.0,,,,,,,,
Janjgir - Champa,,100,59.0,5.6,11.0,440773.0,,,,,,,,
Janjgir - Champa,,100,57.1,5.4,15.2,440773.0,,,,,,,,
Janjgir - Champa,,100,43.8,3.8,44.4,440773.0,,,,,,,,
Bilaspur,,100,59.1,5.2,16.6,164445.0,,,,,,,,
Bilaspur,,100,59.1,5.2,16.6,737806.0,,,,,,,,
Bilaspur,,100,53.8,4.7,27.8,164445.0,,,,,,,,
Bilaspur,,100,53.8,4.7,27.8,737806.0,,,,,,,,
Bilaspur,,100,36.1,3.1,65.7,164445.0,,,,,,,,
Bilaspur,,100,36.1,3.1,65.7,737806.0,,,,,,,,
Kabeerdham,,100,60.9,6.2,9.0,211179.0,,,,,,,,
Kabeerdham,,100,58.4,6.1,13.2,211179.0,,,,,,,,
Kabeerdham,,100,36.7,5.1,49.5,211179.0,,,,,,,,
Rajnandgaon,,100,47.7,3.4,18.5,390132.0,,,,,,,,
Rajnandgaon,,100,44.9,3.2,25.0,390132.0,,,,,,,,
Rajnandgaon,,100,32.8,2.5,53.2,390132.0,,,,,,,,
Durg,,100,52.4,5.0,14.0,883189.0,,,,,,,,
Durg,,100,43.5,3.9,33.0,883189.0,,,,,,,,
Durg,,100,29.6,2.2,62.6,883189.0,,,,,,,,
Raipur,,100,57.0,5.9,12.9,1068500.0,,,,,,,,
Raipur,,100,47.7,4.9,31.0,1068500.0,,,,,,,,
Raipur,,100,30.1,2.9,65.0,1068500.0,,,,,,,,
Mahasamund,,100,60.0,4.6,15.2,310567.0,,,,,,,,
Mahasamund,,100,58.1,4.6,18.8,310567.0,,,,,,,,
Mahasamund,,100,41.2,4.1,50.1,310567.0,,,,,,,,
Dhamtari,,100,55.1,4.2,24.2,210481.0,,,,,,,,
Dhamtari,,100,52.1,4.1,29.7,210481.0,,,,,,,,
Dhamtari,,100,39.2,3.5,53.6,210481.0,,,,,,,,
Uttar Bastar Kanker,,100,46.5,3.0,14.8,194069.0,,,,,,,,
Uttar Bastar Kanker,,100,45.6,3.0,19.7,194069.0,,,,,,,,
Uttar Bastar Kanker,,100,37.8,3.2,60.9,194069.0,,,,,,,,
Bastar,,100,52.2,3.4,13.9,371319.0,,,,,,,,
Bastar,,100,49.9,3.3,20.3,371319.0,,,,,,,,
Bastar,,100,35.4,2.9,61.0,371319.0,,,,,,,,
Narayanpur,,100,57.6,4.4,4.1,33095.0,,,,,,,,
Narayanpur,,100,57.2,4.1,10.7,33095.0,,,,,,,,
Narayanpur,,100,55.3,2.2,44.2,33095.0,,,,,,,,
Dakshin Bastar Dantewada,,100,50.1,3.2,7.2,137849.0,,,,,,,,
Dakshin Bastar Dantewada,,100,47.3,3.2,15.3,137849.0,,,,,,,,
Dakshin Bastar Dantewada,,100,35.3,2.9,49.8,137849.0,,,,,,,,
Bijapur,,100,56.5,4.2,2.7,58391.0,,,,,,,,
Bijapur,,100,56.5,4.2,2.7,527490.0,,,,,,,,
Bijapur,,100,57.0,4.1,5.6,58391.0,,,,,,,,
Bijapur,,100,57.0,4.1,5.6,527490.0,,,,,,,,
Bijapur,,100,61.2,3.1,28.1,58391.0,,,,,,,,
Bijapur,,100,61.2,3.1,28.1,527490.0,,,,,,,,
Sheopur,,100,60.4,5.3,5.8,176522.0,,,,,,,,
Sheopur,,100,57.6,5.0,12.9,176522.0,,,,,,,,
Sheopur,,100,40.6,3.2,57.2,176522.0,,,,,,,,
Morena,,100,53.5,5.2,6.7,414586.0,,,,,,,,
Morena,,100,49.7,4.5,20.9,414586.0,,,,,,,,
Morena,,100,35.7,2.1,73.8,414586.0,,,,,,,,
Bhind,,100,51.6,4.6,9.3,359596.0,,,,,,,,
Bhind,,100,49.0,4.1,23.0,359596.0,,,,,,,,
Bhind,,100,40.7,2.5,67.3,359596.0,,,,,,,,
Gwalior,,100,48.1,4.5,17.3,444892.0,,,,,,,,
Gwalior,,100,35.2,3.0,59.8,444892.0,,,,,,,,
Gwalior,,100,26.9,2.0,87.0,444892.0,,,,,,,,
Datia,,100,46.7,2.7,11.3,203854.0,,,,,,,,
Datia,,100,44.2,2.8,22.1,203854.0,,,,,,,,
Datia,,100,34.8,3.0,63.1,203854.0,,,,,,,,
Shivpuri,,100,54.3,4.2,5.6,434618.0,,,,,,,,
Shivpuri,,100,50.9,4.0,14.6,434618.0,,,,,,,,
Shivpuri,,100,31.5,2.8,65.7,434618.0,,,,,,,,
Tikamgarh,,100,44.7,2.9,3.9,382992.0,,,,,,,,
Tikamgarh,,100,42.9,2.8,10.2,382992.0,,,,,,,,
Tikamgarh,,100,32.9,2.7,45.2,382992.0,,,,,,,,
Chhatarpur,,100,45.2,2.6,5.2,470917.0,,,,,,,,
Chhatarpur,,100,42.1,2.4,15.3,470917.0,,,,,,,,
Chhatarpur,,100,29.1,1.6,57.9,470917.0,,,,,,,,
Panna,,100,47.5,3.0,5.0,288923.0,,,,,,,,
Panna,,100,46.3,2.9,10.2,288923.0,,,,,,,,
Panna,,100,36.0,2.3,53.8,288923.0,,,,,,,,
Sagar,,100,51.6,4.7,11.2,613915.0,,,,,,,,
Sagar,,100,46.5,4.1,25.1,613915.0,,,,,,,,
Sagar,,100,32.1,2.5,64.7,613915.0,,,,,,,,
Damoh,,100,54.1,5.0,5.9,369901.0,,,,,,,,
Damoh,,100,50.7,4.6,14.4,369901.0,,,,,,,,
Damoh,,100,34.1,2.9,56.2,369901.0,,,,,,,,
Satna,,100,39.2,2.2,22.8,576004.0,,,,,,,,
Satna,,100,36.3,2.2,29.8,576004.0,,,,,,,,
Satna,,100,23.4,2.3,60.5,576004.0,,,,,,,,
Rewa,,100,34.7,2.1,17.8,618399.0,,,,,,,,
Rewa,,100,32.9,2.2,23.4,618399.0,,,,,,,,
Rewa,,100,21.8,2.4,59.5,618399.0,,,,,,,,
Umaria,,100,47.2,4.2,5.8,168066.0,,,,,,,,
Umaria,,100,44.2,3.9,13.7,168066.0,,,,,,,,
Umaria,,100,28.3,2.1,55.2,168066.0,,,,,,,,
Neemuch,,100,46.3,2.8,13.2,242197.0,,,,,,,,
Neemuch,,100,41.5,2.4,26.3,242197.0,,,,,,,,
Neemuch,,100,27.6,1.4,63.6,242197.0,,,,,,,,
Mandsaur,,100,49.7,2.3,13.3,384119.0,,,,,,,,
Mandsaur,,100,45.8,2.2,24.0,384119.0,,,,,,,,
Mandsaur,,100,29.5,1.7,68.2,384119.0,,,,,,,,
Ratlam,,100,57.7,3.5,13.4,373867.0,,,,,,,,
Ratlam,,100,49.3,2.9,32.8,373867.0,,,,,,,,
Ratlam,,100,27.5,1.4,82.8,373867.0,,,,,,,,
Ujjain,,100,54.9,3.8,17.9,489449.0,,,,,,,,
Ujjain,,100,45.4,3.1,43.0,489449.0,,,,,,,,
Ujjain,,100,30.1,1.9,83.6,489449.0,,,,,,,,
Shajapur,,100,56.7,4.4,13.4,386608.0,,,,,,,,
Shajapur,,100,52.2,4.0,23.1,386608.0,,,,,,,,
Shajapur,,100,32.1,2.4,66.7,386608.0,,,,,,,,
Dewas,,100,49.0,6.2,21.7,376009.0,,,,,,,,
Dewas,,100,43.9,5.2,37.0,376009.0,,,,,,,,
Dewas,,100,30.5,2.6,77.3,376009.0,,,,,,,,
Dhar,,100,56.5,4.7,19.2,515712.0,,,,,,,,
Dhar,,100,51.6,4.4,30.1,515712.0,,,,,,,,
Dhar,,100,30.7,3.0,76.4,515712.0,,,,,,,,
Indore,,100,41.4,4.6,41.5,788318.0,,,,,,,,
Indore,,100,27.8,3.2,78.1,788318.0,,,,,,,,
Indore,,100,23.3,2.7,90.3,788318.0,,,,,,,,
Khargone (West Nimar),,100,56.9,6.3,13.0,460163.0,,,,,,,,
Khargone (West Nimar),,100,52.7,5.8,22.4,460163.0,,,,,,,,
Khargone (West Nimar),,100,29.5,3.2,73.8,460163.0,,,,,,,,
Barwani,,100,60.2,5.2,10.3,299270.0,,,,,,,,
Barwani,,100,56.7,5.0,18.9,299270.0,,,,,,,,
Barwani,,100,37.4,4.1,66.1,299270.0,,,,,,,,
Rajgarh,,100,60.4,6.5,7.8,401717.0,,,,,,,,
Rajgarh,,100,56.6,6.0,15.9,401717.0,,,,,,,,
Rajgarh,,100,35.7,3.2,61.0,401717.0,,,,,,,,
Vidisha,,100,45.2,3.0,11.5,376409.0,,,,,,,,
Vidisha,,100,42.0,2.8,24.7,376409.0,,,,,,,,
Vidisha,,100,30.6,2.1,71.5,376409.0,,,,,,,,
Bhopal,,100,46.6,4.3,21.5,700719.0,,,,,,,,
Bhopal,,100,33.2,2.9,72.2,700719.0,,,,,,,,
Bhopal,,100,30.1,2.6,83.9,700719.0,,,,,,,,
Sehore,,100,43.6,6.6,21.7,329647.0,,,,,,,,
Sehore,,100,41.4,5.9,31.9,329647.0,,,,,,,,
Sehore,,100,31.3,2.5,79.1,329647.0,,,,,,,,
Raisen,,100,46.4,7.2,18.5,325713.0,,,,,,,,
Raisen,,100,44.3,6.5,30.1,325713.0,,,,,,,,
Raisen,,100,36.4,4.0,72.0,325713.0,,,,,,,,
Betul,,100,45.6,4.8,12.9,406649.0,,,,,,,,
Betul,,100,42.5,4.4,24.8,406649.0,,,,,,,,
Betul,,100,30.3,3.0,71.6,406649.0,,,,,,,,
Harda,,100,42.2,7.7,38.3,144559.0,,,,,,,,
Harda,,100,39.0,7.0,46.6,144559.0,,,,,,,,
Harda,,100,26.5,4.4,79.3,144559.0,,,,,,,,
Hoshangabad,,100,43.9,10.2,33.8,315396.0,,,,,,,,
Hoshangabad,,100,39.2,8.1,48.3,315396.0,,,,,,,,
Hoshangabad,,100,28.7,3.4,80.6,315396.0,,,,,,,,
Katni,,100,46.5,4.4,8.6,349031.0,,,,,,,,
Katni,,100,43.1,4.0,19.4,349031.0,,,,,,,,
Katni,,100,28.6,2.4,65.8,349031.0,,,,,,,,
Jabalpur,,100,46.2,5.7,26.8,624761.0,,,,,,,,
Jabalpur,,100,37.1,4.2,55.7,624761.0,,,,,,,,
Jabalpur,,100,29.4,2.9,80.2,624761.0,,,,,,,,
Narsimhapur,,100,48.9,9.8,27.5,283718.0,,,,,,,,
Narsimhapur,,100,46.3,9.2,35.2,283718.0,,,,,,,,
Narsimhapur,,100,33.7,5.9,71.8,283718.0,,,,,,,,
Dindori,,100,51.2,2.7,3.7,227795.0,,,,,,,,
Dindori,,100,50.6,2.8,5.9,227795.0,,,,,,,,
Dindori,,100,37.7,5.5,55.3,227795.0,,,,,,,,
Mandla,,100,43.2,4.3,6.7,316932.0,,,,,,,,
Mandla,,100,41.5,4.3,13.3,316932.0,,,,,,,,
Mandla,,100,28.6,4.0,65.1,316932.0,,,,,,,,
Chhindwara,,100,50.3,5.1,12.3,553944.0,,,,,,,,
Chhindwara,,100,46.2,4.7,25.5,553944.0,,,,,,,,
Chhindwara,,100,33.5,3.7,66.3,553944.0,,,,,,,,
Seoni,,100,45.1,4.9,15.2,382587.0,,,,,,,,
Seoni,,100,43.1,4.8,21.8,382587.0,,,,,,,,
Seoni,,100,27.7,3.5,73.9,382587.0,,,,,,,,
Balaghat,,100,38.3,5.4,11.7,470867.0,,,,,,,,
Balaghat,,100,37.1,5.1,18.6,470867.0,,,,,,,,
Balaghat,,100,29.4,3.4,63.1,470867.0,,,,,,,,
Guna,,100,49.2,2.9,7.4,285085.0,,,,,,,,
Guna,,100,45.4,3.0,19.8,285085.0,,,,,,,,
Guna,,100,33.6,3.3,59.6,285085.0,,,,,,,,
Ashoknagar,,100,44.0,2.7,7.0,206741.0,,,,,,,,
Ashoknagar,,100,42.9,2.5,15.4,206741.0,,,,,,,,
Ashoknagar,,100,37.8,1.7,56.3,206741.0,,,,,,,,
Shahdol,,100,44.2,2.9,7.6,291440.0,,,,,,,,
Shahdol,,100,41.5,2.9,17.5,291440.0,,,,,,,,
Shahdol,,100,29.2,2.7,63.7,291440.0,,,,,,,,
Anuppur,,100,36.8,1.9,4.4,207713.0,,,,,,,,
Anuppur,,100,33.8,2.0,17.7,207713.0,,,,,,,,
Anuppur,,100,25.0,2.2,56.9,207713.0,,,,,,,,
Sidhi,,100,38.2,1.9,4.1,276869.0,,,,,,,,
Sidhi,,100,37.3,1.9,7.5,276869.0,,,,,,,,
Sidhi,,100,26.8,1.5,49.0,276869.0,,,,,,,,
Singrauli,,100,44.4,1.9,2.2,287325.0,,,,,,,,
Singrauli,,100,41.2,2.0,11.3,287325.0,,,,,,,,
Singrauli,,100,27.1,2.6,52.1,287325.0,,,,,,,,
Jhabua,,100,62.6,5.1,5.8,235793.0,,,,,,,,
Jhabua,,100,59.5,4.8,11.7,235793.0,,,,,,,,
Jhabua,,100,25.5,1.8,76.8,235793.0,,,,,,,,
Alirajpur,,100,62.1,4.0,5.0,150528.0,,,,,,,,
Alirajpur,,100,59.5,3.9,10.5,150528.0,,,,,,,,
Alirajpur,,100,29.8,2.6,75.3,150528.0,,,,,,,,
Khandwa (East Nimar),,100,52.4,8.0,17.4,329088.0,,,,,,,,
Khandwa (East Nimar),,100,48.5,7.4,26.9,329088.0,,,,,,,,
Khandwa (East Nimar),,100,31.1,4.4,69.3,329088.0,,,,,,,,
Burhanpur,,100,48.4,6.4,18.5,178840.0,,,,,,,,
Burhanpur,,100,46.2,5.6,35.1,178840.0,,,,,,,,
Burhanpur,,100,41.7,3.9,68.6,178840.0,,,,,,,,
Kachchh,,100,25.4,1.1,49.2,739275.0,,,,,,,,
Kachchh,,100,23.9,1.1,63.0,739275.0,,,,,,,,
Kachchh,,100,21.4,1.0,87.9,739275.0,,,,,,,,
Banas Kantha,,100,38.8,4.0,17.1,804197.0,,,,,,,,
Banas Kantha,,100,36.6,3.6,26.0,804197.0,,,,,,,,
Banas Kantha,,100,23.8,1.5,78.0,804197.0,,,,,,,,
Patan,,100,37.3,3.8,35.9,404138.0,,,,,,,,
Patan,,100,34.7,3.3,46.1,404138.0,,,,,,,,
Patan,,100,25.5,1.5,82.4,404138.0,,,,,,,,
Mahesana,,100,32.8,2.6,44.4,659743.0,,,,,,,,
Mahesana,,100,30.0,2.2,54.7,659743.0,,,,,,,,
Mahesana,,100,21.8,1.3,85.0,659743.0,,,,,,,,
Sabar Kantha,,100,41.1,2.1,31.1,665533.0,,,,,,,,
Sabar Kantha,,100,38.9,2.0,38.2,665533.0,,,,,,,,
Sabar Kantha,,100,27.1,1.6,76.7,665533.0,,,,,,,,
Gandhinagar,,100,36.6,2.3,42.8,433258.0,,,,,,,,
Gandhinagar,,100,31.2,1.8,59.6,433258.0,,,,,,,,
Gandhinagar,,100,24.4,1.3,80.8,433258.0,,,,,,,,
Ahmadabad,,100,40.5,2.0,32.9,2198552.0,,,,,,,,
Ahmadabad,,100,26.4,0.8,83.0,2198552.0,,,,,,,,
Ahmadabad,,100,23.9,0.6,92.1,2198552.0,,,,,,,,
Surendranagar,,100,36.4,2.3,20.8,500598.0,,,,,,,,
Surendranagar,,100,32.7,2.0,35.3,500598.0,,,,,,,,
Surendranagar,,100,23.8,1.4,70.0,500598.0,,,,,,,,
Rajkot,,100,28.4,1.5,44.0,1181006.0,,,,,,,,
Rajkot,,100,24.5,1.2,69.4,1181006.0,,,,,,,,
Rajkot,,100,21.9,1.1,86.5,1181006.0,,,,,,,,
Jamnagar,,100,30.1,1.6,34.8,646325.0,,,,,,,,
Jamnagar,,100,26.8,1.3,57.2,646325.0,,,,,,,,
Jamnagar,,100,23.0,1.0,83.8,646325.0,,,,,,,,
Porbandar,,100,30.4,2.3,39.1,183572.0,,,,,,,,
Porbandar,,100,27.6,1.8,57.9,183572.0,,,,,,,,
Porbandar,,100,24.6,1.3,77.4,183572.0,,,,,,,,
Junagadh,,100,32.7,1.7,46.0,776743.0,,,,,,,,
Junagadh,,100,29.7,1.6,59.6,776743.0,,,,,,,,
Junagadh,,100,23.9,1.4,85.7,776743.0,,,,,,,,
Amreli,,100,28.9,1.7,52.1,430613.0,,,,,,,,
Amreli,,100,27.8,1.5,58.8,430613.0,,,,,,,,
Amreli,,100,24.7,1.0,78.4,430613.0,,,,,,,,
Bhavnagar,,100,33.2,1.5,32.1,744077.0,,,,,,,,
Bhavnagar,,100,29.9,1.3,53.9,744077.0,,,,,,,,
Bhavnagar,,100,25.7,1.1,81.6,744077.0,,,,,,,,
Anand,,100,41.3,2.1,41.3,621987.0,,,,,,,,
Anand,,100,36.7,1.9,54.0,621987.0,,,,,,,,
Anand,,100,26.1,1.3,83.0,621987.0,,,,,,,,
Kheda,,100,42.2,2.5,25.4,622026.0,,,,,,,,
Kheda,,100,38.3,2.3,37.3,622026.0,,,,,,,,
Kheda,,100,25.0,1.5,78.5,622026.0,,,,,,,,
Panch Mahals,,100,50.4,2.6,17.0,567601.0,,,,,,,,
Panch Mahals,,100,46.5,2.4,27.2,567601.0,,,,,,,,
Panch Mahals,,100,24.4,1.1,84.1,567601.0,,,,,,,,
Dohad,,100,59.5,2.1,6.1,376504.0,,,,,,,,
Dohad,,100,55.7,2.0,13.1,376504.0,,,,,,,,
Dohad,,100,23.6,1.1,71.8,376504.0,,,,,,,,
Vadodara,,100,46.0,2.0,28.5,1240425.0,,,,,,,,
Vadodara,,100,32.3,1.4,61.7,1240425.0,,,,,,,,
Vadodara,,100,19.9,0.8,91.9,1240425.0,,,,,,,,
Narmada,,100,43.9,1.3,16.0,160369.0,,,,,,,,
Narmada,,100,42.8,1.4,22.3,160369.0,,,,,,,,
Narmada,,100,33.7,1.9,74.7,160369.0,,,,,,,,
Bharuch,,100,38.2,1.5,45.8,481996.0,,,,,,,,
Bharuch,,100,31.9,1.2,61.2,481996.0,,,,,,,,
Bharuch,,100,20.2,0.6,89.4,481996.0,,,,,,,,
The Dangs,,100,36.3,1.1,25.3,59618.0,,,,,,,,
The Dangs,,100,35.4,1.0,28.4,59618.0,,,,,,,,
The Dangs,,100,26.8,0.7,57.8,59618.0,,,,,,,,
Navsari,,100,34.5,1.4,44.5,409156.0,,,,,,,,
Navsari,,100,30.0,1.2,57.2,409156.0,,,,,,,,
Navsari,,100,20.0,0.9,85.7,409156.0,,,,,,,,
Valsad,,100,39.7,1.3,27.6,498391.0,,,,,,,,
Valsad,,100,33.6,1.1,47.2,498391.0,,,,,,,,
Valsad,,100,24.6,0.9,76.0,498391.0,,,,,,,,
Surat,,100,30.9,1.2,49.9,1899838.0,,,,,,,,
Surat,,100,22.1,0.6,84.9,1899838.0,,,,,,,,
Surat,,100,19.8,0.5,93.8,1899838.0,,,,,,,,
Tapi,,100,36.3,1.0,23.0,218489.0,,,,,,,,
Tapi,,100,35.7,1.0,28.1,218489.0,,,,,,,,
Tapi,,100,29.8,0.8,77.5,218489.0,,,,,,,,
Diu,,100,12.7,0.3,43.3,18850.0,,,,,,,,
Diu,,100,11.7,0.2,58.8,18850.0,,,,,,,,
Diu,,100,10.7,0.2,74.7,18850.0,,,,,,,,
Daman,,100,26.4,0.9,57.3,71079.0,,,,,,,,
Daman,,100,35.5,0.6,82.4,71079.0,,,,,,,,
Daman,,100,37.1,0.6,86.8,71079.0,,,,,,,,
Dadra & Nagar Haveli,,100,45.5,0.8,26.5,,,,,,,,,
Dadra & Nagar Haveli,,100,32.7,0.5,54.7,,,,,,,,,
Dadra & Nagar Haveli,,100,20.8,0.2,81.3,,,,,,,,,
Nandurbar,,100,48.9,3.9,22.3,405012.0,,,,,,,,
Nandurbar,,100,45.9,3.8,28.7,405012.0,,,,,,,,
Nandurbar,,100,29.2,3.3,63.5,405012.0,,,,,,,,
Dhule,,100,37.4,3.4,18.7,528790.0,,,,,,,,
Dhule,,100,33.5,3.0,31.2,528790.0,,,,,,,,
Dhule,,100,22.7,1.6,65.3,528790.0,,,,,,,,
Jalgaon,,100,38.9,5.5,22.6,1169788.0,,,,,,,,
Jalgaon,,100,35.3,4.3,35.5,1169788.0,,,,,,,,
Jalgaon,,100,27.1,1.7,64.9,1169788.0,,,,,,,,
Buldana,,100,46.9,6.7,29.1,728192.0,,,,,,,,
Buldana,,100,44.4,6.1,35.3,728192.0,,,,,,,,
Buldana,,100,34.4,3.5,60.9,728192.0,,,,,,,,
Akola,,100,47.5,7.1,30.9,504235.0,,,,,,,,
Akola,,100,42.5,5.9,46.1,504235.0,,,,,,,,
Akola,,100,33.8,3.7,72.3,504235.0,,,,,,,,
Washim,,100,46.3,6.7,27.5,330846.0,,,,,,,,
Washim,,100,44.6,6.0,33.8,330846.0,,,,,,,,
Washim,,100,35.7,2.6,67.3,330846.0,,,,,,,,
Amravati,,100,44.6,6.6,41.1,781815.0,,,,,,,,
Amravati,,100,40.2,5.4,53.7,781815.0,,,,,,,,
Amravati,,100,31.3,2.9,78.6,781815.0,,,,,,,,
Wardha,,100,43.7,9.5,47.2,388704.0,,,,,,,,
Wardha,,100,37.7,7.7,56.7,388704.0,,,,,,,,
Wardha,,100,24.0,3.7,78.4,388704.0,,,,,,,,
Nagpur,,100,39.0,8.3,46.1,1308366.0,,,,,,,,
Nagpur,,100,28.7,4.6,75.7,1308366.0,,,,,,,,
Nagpur,,100,23.7,2.8,90.0,1308366.0,,,,,,,,
Bhandara,,100,43.6,8.1,55.8,356418.0,,,,,,,,
Bhandara,,100,40.1,7.2,61.2,356418.0,,,,,,,,
Bhandara,,100,25.0,3.4,84.3,356418.0,,,,,,,,
Gondiya,,100,40.3,5.2,47.5,386515.0,,,,,,,,
Gondiya,,100,38.1,4.9,52.4,386515.0,,,,,,,,
Gondiya,,100,27.0,3.3,77.3,386515.0,,,,,,,,
Gadchiroli,,100,42.6,8.7,22.2,330840.0,,,,,,,,
Gadchiroli,,100,40.9,8.1,27.0,330840.0,,,,,,,,
Gadchiroli,,100,27.0,4.0,65.9,330840.0,,,,,,,,
Chandrapur,,100,41.3,11.2,29.1,684655.0,,,,,,,,
Chandrapur,,100,35.9,8.6,43.3,684655.0,,,,,,,,
Chandrapur,,100,25.2,3.4,71.7,684655.0,,,,,,,,
Yavatmal,,100,46.9,8.1,21.8,798132.0,,,,,,,,
Yavatmal,,100,43.4,7.3,31.0,798132.0,,,,,,,,
Yavatmal,,100,29.3,3.9,68.2,798132.0,,,,,,,,
Nanded,,100,51.2,7.8,19.2,821682.0,,,,,,,,
Nanded,,100,47.0,6.8,33.1,821682.0,,,,,,,,
Nanded,,100,35.0,4.0,73.2,821682.0,,,,,,,,
Hingoli,,100,46.7,6.0,26.9,284369.0,,,,,,,,
Hingoli,,100,45.6,5.6,32.4,284369.0,,,,,,,,
Hingoli,,100,38.7,3.1,65.7,284369.0,,,,,,,,
Parbhani,,100,47.3,8.3,13.3,427239.0,,,,,,,,
Parbhani,,100,44.0,7.2,28.8,427239.0,,,,,,,,
Parbhani,,100,35.8,4.4,66.9,427239.0,,,,,,,,
Jalna,,100,41.0,6.9,29.2,502830.0,,,,,,,,
Jalna,,100,40.2,6.2,36.5,502830.0,,,,,,,,
Jalna,,100,36.5,3.1,70.2,502830.0,,,,,,,,
Aurangabad,,100,39.7,8.0,19.8,477297.0,,,,,,,,
Aurangabad,,100,39.7,8.0,19.8,979132.0,,,,,,,,
Aurangabad,,100,32.3,5.2,48.9,477297.0,,,,,,,,
Aurangabad,,100,32.3,5.2,48.9,979132.0,,,,,,,,
Aurangabad,,100,22.6,1.4,87.4,477297.0,,,,,,,,
Aurangabad,,100,22.6,1.4,87.4,979132.0,,,,,,,,
Nashik,,100,34.5,5.6,29.3,1668932.0,,,,,,,,
Nashik,,100,30.0,4.2,46.8,1668932.0,,,,,,,,
Nashik,,100,24.3,2.5,69.1,1668932.0,,,,,,,,
Thane,,100,36.8,5.8,39.7,3618151.0,,,,,,,,
Thane,,100,25.0,2.1,67.0,3618151.0,,,,,,,,
Thane,,100,21.7,1.1,74.5,3618151.0,,,,,,,,
Mumbai Suburban,,100,27.1,1.4,54.7,3078829.0,,,,,,,,
Mumbai Suburban,,100,27.1,1.4,54.7,3078829.0,,,,,,,,
Mumbai,,100,26.2,1.5,67.0,1107321.0,,,,,,,,
Mumbai,,100,26.2,1.5,67.0,1107321.0,,,,,,,,
Raigarh,,100,28.3,3.6,50.9,420916.0,,,,,,,,
Raigarh,,100,28.3,3.6,50.9,959028.0,,,,,,,,
Raigarh,,100,24.4,2.6,62.0,420916.0,,,,,,,,
Raigarh,,100,24.4,2.6,62.0,959028.0,,,,,,,,
Raigarh,,100,17.7,1.1,81.0,420916.0,,,,,,,,
Raigarh,,100,17.7,1.1,81.0,959028.0,,,,,,,,
Pune,,100,23.9,4.9,61.8,3222457.0,,,,,,,,
Pune,,100,22.0,2.6,73.8,3222457.0,,,,,,,,
Pune,,100,20.9,1.3,80.5,3222457.0,,,,,,,,
Ahmadnagar,,100,30.6,7.4,39.1,1323404.0,,,,,,,,
Ahmadnagar,,100,29.1,6.4,46.1,1323404.0,,,,,,,,
Ahmadnagar,,100,23.1,2.5,73.6,1323404.0,,,,,,,,
Bid,,100,41.0,8.0,15.4,698571.0,,,,,,,,
Bid,,100,39.2,7.1,25.1,698571.0,,,,,,,,
Bid,,100,30.8,2.9,69.1,698571.0,,,,,,,,
Latur,,100,40.1,5.7,24.8,585632.0,,,,,,,,
Latur,,100,37.8,4.9,37.6,585632.0,,,,,,,,
Latur,,100,30.6,2.6,77.9,585632.0,,,,,,,,
Osmanabad,,100,38.2,6.2,22.2,444990.0,,,,,,,,
Osmanabad,,100,37.2,5.6,27.7,444990.0,,,,,,,,
Osmanabad,,100,31.6,2.8,57.8,444990.0,,,,,,,,
Solapur,,100,29.6,7.8,32.1,1156231.0,,,,,,,,
Solapur,,100,30.0,5.9,41.3,1156231.0,,,,,,,,
Solapur,,100,30.8,1.9,60.9,1156231.0,,,,,,,,
Satara,,100,27.8,5.3,70.1,975471.0,,,,,,,,
Satara,,100,26.4,4.8,71.1,975471.0,,,,,,,,
Satara,,100,20.7,2.7,75.4,975471.0,,,,,,,,
Ratnagiri,,100,28.7,4.1,67.2,639362.0,,,,,,,,
Ratnagiri,,100,26.9,3.8,69.4,639362.0,,,,,,,,
Ratnagiri,,100,16.6,1.9,82.0,639362.0,,,,,,,,
Sindhudurg,,100,27.6,4.6,74.4,340836.0,,,,,,,,
Sindhudurg,,100,27.2,4.4,75.9,340836.0,,,,,,,,
Sindhudurg,,100,23.8,3.0,86.8,340836.0,,,,,,,,
Kolhapur,,100,24.3,2.0,74.4,1179314.0,,,,,,,,
Kolhapur,,100,23.6,1.7,74.5,1179314.0,,,,,,,,
Kolhapur,,100,22.2,1.2,74.7,1179314.0,,,,,,,,
Sangli,,100,27.4,5.1,60.5,853673.0,,,,,,,,
Sangli,,100,26.9,4.4,64.9,853673.0,,,,,,,,
Sangli,,100,25.3,2.4,77.6,853673.0,,,,,,,,
Adilabad,,100,35.7,6.5,13.8,817714.0,,,,,,,,
Adilabad,,100,32.4,5.5,29.3,817714.0,,,,,,,,
Adilabad,,100,23.5,2.8,70.7,817714.0,,,,,,,,
Nizamabad,,100,31.8,4.3,29.4,720298.0,,,,,,,,
Nizamabad,,100,30.4,3.8,41.6,720298.0,,,,,,,,
Nizamabad,,100,25.4,2.2,85.5,720298.0,,,,,,,,
Karimnagar,,100,32.4,5.1,34.2,1165280.0,,,,,,,,
Karimnagar,,100,29.7,4.3,46.2,1165280.0,,,,,,,,
Karimnagar,,100,21.0,1.8,84.4,1165280.0,,,,,,,,
Medak,,100,34.6,4.4,31.8,789132.0,,,,,,,,
Medak,,100,31.0,3.7,44.1,789132.0,,,,,,,,
Medak,,100,19.4,1.2,84.6,789132.0,,,,,,,,
Hyderabad,,100,19.1,0.9,98.5,1066289.0,,,,,,,,
Hyderabad,,100,19.1,0.9,98.5,1066289.0,,,,,,,,
Rangareddy,,100,25.5,2.2,43.5,1561322.0,,,,,,,,
Rangareddy,,100,18.8,1.1,81.4,1561322.0,,,,,,,,
Rangareddy,,100,16.2,0.7,96.0,1561322.0,,,,,,,,
Mahbubnagar,,100,30.8,6.2,17.9,1010015.0,,,,,,,,
Mahbubnagar,,100,29.2,5.6,26.4,1010015.0,,,,,,,,
Mahbubnagar,,100,19.0,1.7,78.1,1010015.0,,,,,,,,
Nalgonda,,100,34.2,5.9,31.9,1030937.0,,,,,,,,
Nalgonda,,100,32.5,5.2,40.6,1030937.0,,,,,,,,
Nalgonda,,100,24.3,1.7,81.2,1030937.0,,,,,,,,
Warangal,,100,38.8,8.5,29.7,1046987.0,,,,,,,,
Warangal,,100,34.8,7.0,43.7,1046987.0,,,,,,,,
Warangal,,100,23.7,2.9,82.4,1046987.0,,,,,,,,
Khammam,,100,33.9,5.2,37.4,870625.0,,,,,,,,
Khammam,,100,31.3,4.5,48.2,870625.0,,,,,,,,
Khammam,,100,22.6,2.2,85.4,870625.0,,,,,,,,
Srikakulam,,100,32.1,3.5,12.8,902436.0,,,,,,,,
Srikakulam,,100,30.4,3.2,21.2,902436.0,,,,,,,,
Srikakulam,,100,21.4,1.7,65.9,902436.0,,,,,,,,
Vizianagaram,,100,30.9,3.3,10.7,749514.0,,,,,,,,
Vizianagaram,,100,28.7,3.0,22.0,749514.0,,,,,,,,
Vizianagaram,,100,20.0,1.9,66.4,749514.0,,,,,,,,
Visakhapatnam,,100,29.7,3.2,21.4,1379340.0,,,,,,,,
Visakhapatnam,,100,23.6,2.2,51.3,1379340.0,,,,,,,,
Visakhapatnam,,100,17.0,1.1,83.5,1379340.0,,,,,,,,
East Godavari,,100,30.4,3.9,47.0,1605841.0,,,,,,,,
East Godavari,,100,28.1,3.3,56.9,1605841.0,,,,,,,,
East Godavari,,100,20.9,1.7,87.3,1605841.0,,,,,,,,
West Godavari,,100,30.0,4.8,58.9,1255628.0,,,,,,,,
West Godavari,,100,28.3,4.3,64.6,1255628.0,,,,,,,,
West Godavari,,100,21.1,2.2,88.7,1255628.0,,,,,,,,
Krishna,,100,30.8,4.4,56.2,1476334.0,,,,,,,,
Krishna,,100,26.7,3.4,70.4,1476334.0,,,,,,,,
Krishna,,100,20.1,1.7,93.0,1476334.0,,,,,,,,
Guntur,,100,31.0,4.2,46.5,1582990.0,,,,,,,,
Guntur,,100,28.1,3.5,59.2,1582990.0,,,,,,,,
Guntur,,100,21.9,1.9,86.3,1582990.0,,,,,,,,
Prakasam,,100,29.8,4.2,28.0,1087575.0,,,,,,,,
Prakasam,,100,28.2,3.7,37.5,1087575.0,,,,,,,,
Prakasam,,100,21.2,2.0,77.4,1087575.0,,,,,,,,
Sri Potti Sriramulu Nellore,,100,27.9,4.3,25.5,953513.0,,,,,,,,
Sri Potti Sriramulu Nellore,,100,24.9,3.7,39.6,953513.0,,,,,,,,
Sri Potti Sriramulu Nellore,,100,16.6,1.9,78.8,953513.0,,,,,,,,
Y.S.R.,,100,21.9,2.6,28.4,884093.0,,,,,,,,
Y.S.R.,,100,20.8,2.1,44.8,884093.0,,,,,,,,
Y.S.R.,,100,18.6,1.1,79.1,884093.0,,,,,,,,
Kurnool,,100,27.0,3.3,27.6,1090835.0,,,,,,,,
Kurnool,,100,25.3,2.8,40.3,1090835.0,,,,,,,,
Kurnool,,100,21.0,1.4,72.7,1090835.0,,,,,,,,
Anantapur,,100,21.7,2.9,22.0,1244428.0,,,,,,,,
Anantapur,,100,21.5,2.5,36.8,1244428.0,,,,,,,,
Anantapur,,100,20.9,1.3,76.2,1244428.0,,,,,,,,
Chittoor,,100,22.4,3.7,19.6,,,,,,,,,
Chittoor,,100,20.2,3.0,37.4,,,,,,,,,
Chittoor,,100,14.7,1.2,81.5,,,,,,,,,
Belgaum,,100,38.5,4.7,18.5,1318975.0,,,,,,,,
Belgaum,,100,35.1,3.9,32.8,1318975.0,,,,,,,,
Belgaum,,100,25.5,1.9,72.4,1318975.0,,,,,,,,
Bagalkot,,100,42.9,5.2,7.2,490657.0,,,,,,,,
Bagalkot,,100,39.6,4.7,18.8,490657.0,,,,,,,,
Bagalkot,,100,32.9,3.7,42.5,490657.0,,,,,,,,
Bijapur,,100,41.7,6.8,5.0,58391.0,,,,,,,,
Bijapur,,100,41.7,6.8,5.0,527490.0,,,,,,,,
Bijapur,,100,38.3,5.9,18.1,58391.0,,,,,,,,
Bijapur,,100,38.3,5.9,18.1,527490.0,,,,,,,,
Bijapur,,100,27.7,2.9,59.5,58391.0,,,,,,,,
Bijapur,,100,27.7,2.9,59.5,527490.0,,,,,,,,
Bidar,,100,56.7,5.0,8.8,389403.0,,,,,,,,
Bidar,,100,50.2,4.5,23.2,389403.0,,,,,,,,
Bidar,,100,30.0,3.0,68.1,389403.0,,,,,,,,
Raichur,,100,43.2,7.1,10.0,455848.0,,,,,,,,
Raichur,,100,39.9,6.2,20.7,455848.0,,,,,,,,
Raichur,,100,30.9,3.6,50.4,455848.0,,,,,,,,
Koppal,,100,39.4,5.2,12.0,337649.0,,,,,,,,
Koppal,,100,37.2,4.9,18.5,337649.0,,,,,,,,
Koppal,,100,26.7,3.7,48.4,337649.0,,,,,,,,
Gadag,,100,41.8,5.1,9.2,291972.0,,,,,,,,
Gadag,,100,39.6,4.5,21.2,291972.0,,,,,,,,
Gadag,,100,35.7,3.4,42.3,291972.0,,,,,,,,
Dharwad,,100,40.4,3.9,23.1,483104.0,,,,,,,,
Dharwad,,100,33.8,2.8,57.0,483104.0,,,,,,,,
Dharwad,,100,29.0,2.0,82.0,483104.0,,,,,,,,
Uttara Kannada,,100,48.1,6.4,50.6,474792.0,,,,,,,,
Uttara Kannada,,100,45.0,5.4,59.3,474792.0,,,,,,,,
Uttara Kannada,,100,37.3,3.2,80.6,474792.0,,,,,,,,
Haveri,,100,44.9,5.0,28.2,413564.0,,,,,,,,
Haveri,,100,41.6,4.5,37.3,413564.0,,,,,,,,
Haveri,,100,29.9,2.9,69.7,413564.0,,,,,,,,
Bellary,,100,39.9,5.4,12.1,623480.0,,,,,,,,
Bellary,,100,35.5,4.5,32.4,623480.0,,,,,,,,
Bellary,,100,28.8,3.0,63.5,623480.0,,,,,,,,
Chitradurga,,100,45.0,5.9,19.1,447348.0,,,,,,,,
Chitradurga,,100,42.3,5.1,30.3,447348.0,,,,,,,,
Chitradurga,,100,31.7,2.0,73.9,447348.0,,,,,,,,
Davanagere,,100,46.1,5.8,29.8,530691.0,,,,,,,,
Davanagere,,100,41.0,4.8,46.4,530691.0,,,,,,,,
Davanagere,,100,30.7,2.8,80.9,530691.0,,,,,,,,
Shimoga,,100,45.8,7.3,61.8,554106.0,,,,,,,,
Shimoga,,100,40.9,5.8,71.2,554106.0,,,,,,,,
Shimoga,,100,32.2,3.2,87.7,554106.0,,,,,,,,
Udupi,,100,34.5,4.2,83.6,385389.0,,,,,,,,
Udupi,,100,31.7,3.6,87.2,385389.0,,,,,,,,
Udupi,,100,25.0,2.1,96.0,385389.0,,,,,,,,
Chikmagalur,,100,45.5,5.5,54.1,392426.0,,,,,,,,
Chikmagalur,,100,42.3,4.9,61.5,392426.0,,,,,,,,
Chikmagalur,,100,30.5,2.9,89.4,392426.0,,,,,,,,
Tumkur,,100,40.9,5.8,18.3,890242.0,,,,,,,,
Tumkur,,100,38.1,5.1,32.5,890242.0,,,,,,,,
Tumkur,,100,27.9,2.5,82.5,890242.0,,,,,,,,
Bangalore,,100,28.8,2.5,74.8,3267960.0,,,,,,,,
Bangalore,,100,20.7,1.2,94.8,3267960.0,,,,,,,,
Bangalore,,100,19.9,1.1,96.8,3267960.0,,,,,,,,
Mandya,,100,44.2,4.5,27.5,562302.0,,,,,,,,
Mandya,,100,41.9,4.3,37.5,562302.0,,,,,,,,
Mandya,,100,30.9,3.1,85.9,562302.0,,,,,,,,
Hassan,,100,48.7,6.2,26.7,628981.0,,,,,,,,
Hassan,,100,44.8,5.4,39.9,628981.0,,,,,,,,
Hassan,,100,29.7,2.4,89.9,628981.0,,,,,,,,
Dakshina Kannada,,100,40.8,3.7,88.1,650292.0,,,,,,,,
Dakshina Kannada,,100,33.8,2.7,92.7,650292.0,,,,,,,,
Dakshina Kannada,,100,26.3,1.6,97.6,650292.0,,,,,,,,
Kodagu,,100,40.0,4.6,78.8,212974.0,,,,,,,,
Kodagu,,100,39.0,4.4,81.4,212974.0,,,,,,,,
Kodagu,,100,33.4,3.2,97.0,212974.0,,,,,,,,
Mysore,,100,48.0,5.3,27.0,920982.0,,,,,,,,
Mysore,,100,39.9,4.0,55.0,920982.0,,,,,,,,
Mysore,,100,28.5,2.2,94.2,920982.0,,,,,,,,
Chamarajanagar,,100,47.5,7.0,15.4,319880.0,,,,,,,,
Chamarajanagar,,100,45.8,6.6,23.5,319880.0,,,,,,,,
Chamarajanagar,,100,37.4,4.5,64.3,319880.0,,,,,,,,
Gulbarga,,100,43.4,3.7,4.5,600007.0,,,,,,,,
Gulbarga,,100,38.6,3.0,25.5,600007.0,,,,,,,,
Gulbarga,,100,28.8,1.5,68.2,600007.0,,,,,,,,
Yadgir,,100,51.2,5.5,4.3,262995.0,,,,,,,,
Yadgir,,100,48.0,5.0,11.2,262995.0,,,,,,,,
Yadgir,,100,34.4,2.9,40.2,262995.0,,,,,,,,
Kolar,,100,40.9,5.1,25.5,477609.0,,,,,,,,
Kolar,,100,38.0,4.0,42.8,477609.0,,,,,,,,
Kolar,,100,31.6,1.6,80.2,477609.0,,,,,,,,
Chikkaballapura,,100,38.3,4.9,23.0,409702.0,,,,,,,,
Chikkaballapura,,100,36.0,4.2,36.5,409702.0,,,,,,,,
Chikkaballapura,,100,27.9,1.6,84.3,409702.0,,,,,,,,
Bangalore Rural,,100,36.5,3.7,75.5,326462.0,,,,,,,,
Bangalore Rural,,100,34.4,3.1,79.9,326462.0,,,,,,,,
Bangalore Rural,,100,29.1,1.7,91.3,326462.0,,,,,,,,
Ramanagara,,100,43.5,6.8,28.0,351784.0,,,,,,,,
Ramanagara,,100,41.3,6.0,41.9,351784.0,,,,,,,,
Ramanagara,,100,34.2,3.2,88.5,351784.0,,,,,,,,
North Goa,,100,23.0,1.8,68.7,325089.0,,,,,,,,
North Goa,,100,21.0,1.4,78.7,325089.0,,,,,,,,
North Goa,,100,19.6,1.1,85.3,325089.0,,,,,,,,
South Goa,,100,23.4,2.0,73.8,251493.0,,,,,,,,
South Goa,,100,24.1,1.7,81.0,251493.0,,,,,,,,
South Goa,,100,24.4,1.5,85.2,251493.0,,,,,,,,
LAKSHADWEEP,,100,40.86,1.74,98.06,,,,,,,,,
LAKSHADWEEP,,100,20.57,0.78,97.8,,,,,,,,,
LAKSHADWEEP,,100,14.32,0.48,97.71,,,,,,,,,
Kasaragod,,100,31.9,7.6,88.8,417805.0,,,,,,,,
Kasaragod,,100,26.8,5.8,91.8,417805.0,,,,,,,,
Kasaragod,,100,18.5,2.7,96.6,417805.0,,,,,,,,
Kannur,,100,31.1,6.2,96.3,872479.0,,,,,,,,
Kannur,,100,23.7,3.6,97.6,872479.0,,,,,,,,
Kannur,,100,19.4,2.1,98.5,872479.0,,,,,,,,
Wayanad,,100,35.4,9.0,91.7,277988.0,,,,,,,,
Wayanad,,100,35.5,8.9,91.8,277988.0,,,,,,,,
Wayanad,,100,40.0,5.5,95.3,277988.0,,,,,,,,
Kozhikode,,100,27.1,6.6,97.0,990336.0,,,,,,,,
Kozhikode,,100,21.9,4.6,97.8,990336.0,,,,,,,,
Kozhikode,,100,19.3,3.6,98.2,990336.0,,,,,,,,
Malappuram,,100,27.6,4.2,96.5,1157129.0,,,,,,,,
Malappuram,,100,24.8,3.4,97.4,1157129.0,,,,,,,,
Malappuram,,100,21.3,2.5,98.5,1157129.0,,,,,,,,
Palakkad,,100,35.4,5.4,88.2,894341.0,,,,,,,,
Palakkad,,100,33.6,4.9,89.8,894341.0,,,,,,,,
Palakkad,,100,28.1,3.3,94.9,894341.0,,,,,,,,
Thrissur,,100,35.2,5.1,96.9,1051867.0,,,,,,,,
Thrissur,,100,30.7,4.4,97.8,1051867.0,,,,,,,,
Thrissur,,100,28.5,4.1,98.3,1051867.0,,,,,,,,
Ernakulam,,100,29.6,5.0,96.9,1174691.0,,,,,,,,
Ernakulam,,100,24.6,3.7,97.9,1174691.0,,,,,,,,
Ernakulam,,100,22.3,3.1,98.3,1174691.0,,,,,,,,
Idukki,,100,44.1,8.3,88.7,412433.0,,,,,,,,
Idukki,,100,43.2,8.0,89.1,412433.0,,,,,,,,
Idukki,,100,23.5,1.4,99.3,412433.0,,,,,,,,
Kottayam,,100,35.0,4.6,96.0,678161.0,,,,,,,,
Kottayam,,100,32.5,4.1,96.6,678161.0,,,,,,,,
Kottayam,,100,26.5,2.6,98.2,678161.0,,,,,,,,
Alappuzha,,100,29.9,7.7,90.9,723536.0,,,,,,,,
Alappuzha,,100,28.2,7.0,92.9,723536.0,,,,,,,,
Alappuzha,,100,26.7,6.5,94.7,723536.0,,,,,,,,
Pathanamthitta,,100,30.2,4.9,93.7,472840.0,,,,,,,,
Pathanamthitta,,100,29.5,4.7,93.9,472840.0,,,,,,,,
Pathanamthitta,,100,23.7,2.8,96.0,472840.0,,,,,,,,
Kollam,,100,29.9,7.5,93.0,925130.0,,,,,,,,
Kollam,,100,27.5,6.6,94.5,925130.0,,,,,,,,
Kollam,,100,24.4,5.5,96.4,925130.0,,,,,,,,
Thiruvananthapuram,,100,34.2,10.2,91.9,1169117.0,,,,,,,,
Thiruvananthapuram,,100,29.8,8.0,94.2,1169117.0,,,,,,,,
Thiruvananthapuram,,100,25.9,6.1,96.3,1169117.0,,,,,,,,
Thiruvallur,,100,32.4,3.3,28.3,1119433.0,,,,,,,,
Thiruvallur,,100,23.1,1.8,67.9,1119433.0,,,,,,,,
Thiruvallur,,100,18.1,1.0,88.8,1119433.0,,,,,,,,
Chennai,,100,17.4,0.9,95.6,1314125.0,,,,,,,,
Chennai,,100,17.4,0.9,95.6,1314125.0,,,,,,,,
Kancheepuram,,100,31.7,2.3,29.3,1213504.0,,,,,,,,
Kancheepuram,,100,22.6,1.3,65.5,1213504.0,,,,,,,,
Kancheepuram,,100,17.6,0.8,85.6,1213504.0,,,,,,,,
Vellore,,100,27.8,2.3,19.2,1140300.0,,,,,,,,
Vellore,,100,24.9,2.0,41.1,1140300.0,,,,,,,,
Vellore,,100,21.0,1.5,71.2,1140300.0,,,,,,,,
Tiruvannamalai,,100,29.0,2.3,12.5,710163.0,,,,,,,,
Tiruvannamalai,,100,27.0,2.1,22.8,710163.0,,,,,,,,
Tiruvannamalai,,100,18.7,1.3,65.1,710163.0,,,,,,,,
Viluppuram,,100,36.0,2.0,13.2,967314.0,,,,,,,,
Viluppuram,,100,34.2,1.9,21.1,967314.0,,,,,,,,
Viluppuram,,100,23.8,1.5,65.6,967314.0,,,,,,,,
Salem,,100,32.2,2.3,14.6,1170352.0,,,,,,,,
Salem,,100,28.3,1.8,35.0,1170352.0,,,,,,,,
Salem,,100,24.4,1.3,54.9,1170352.0,,,,,,,,
Namakkal,,100,25.4,1.8,31.2,627484.0,,,,,,,,
Namakkal,,100,24.9,1.6,40.7,627484.0,,,,,,,,
Namakkal,,100,24.3,1.2,54.6,627484.0,,,,,,,,
Erode,,100,28.6,2.0,33.7,843684.0,,,,,,,,
Erode,,100,26.2,1.5,49.0,843684.0,,,,,,,,
Erode,,100,23.8,1.1,63.8,843684.0,,,,,,,,
The Nilgiris,,100,34.6,2.1,42.3,264105.0,,,,,,,,
The Nilgiris,,100,35.6,2.0,51.9,264105.0,,,,,,,,
The Nilgiris,,100,36.4,1.9,58.9,264105.0,,,,,,,,
Dindigul,,100,31.5,1.8,18.9,713542.0,,,,,,,,
Dindigul,,100,29.4,1.6,33.3,713542.0,,,,,,,,
Dindigul,,100,25.9,1.4,57.4,713542.0,,,,,,,,
Karur,,100,29.0,2.2,23.0,364661.0,,,,,,,,
Karur,,100,25.3,1.6,41.2,364661.0,,,,,,,,
Karur,,100,20.1,0.9,67.1,364661.0,,,,,,,,
Tiruchirappalli,,100,29.8,2.4,24.0,875727.0,,,,,,,,
Tiruchirappalli,,100,25.7,1.8,48.5,875727.0,,,,,,,,
Tiruchirappalli,,100,21.4,1.2,74.2,875727.0,,,,,,,,
Perambalur,,100,30.2,2.2,15.6,188592.0,,,,,,,,
Perambalur,,100,28.0,2.0,22.2,188592.0,,,,,,,,
Perambalur,,100,16.9,0.9,55.2,188592.0,,,,,,,,
Ariyalur,,100,37.9,3.4,14.2,254277.0,,,,,,,,
Ariyalur,,100,36.8,3.2,18.1,254277.0,,,,,,,,
Ariyalur,,100,27.7,2.0,51.3,254277.0,,,,,,,,
Cuddalore,,100,38.9,2.4,19.9,758209.0,,,,,,,,
Cuddalore,,100,34.8,2.1,36.1,758209.0,,,,,,,,
Cuddalore,,100,26.4,1.5,68.6,758209.0,,,,,,,,
Nagapattinam,,100,44.7,3.2,31.2,517740.0,,,,,,,,
Nagapattinam,,100,41.7,3.0,39.5,517740.0,,,,,,,,
Nagapattinam,,100,31.0,2.4,69.7,517740.0,,,,,,,,
Thiruvarur,,100,44.8,4.1,31.5,408179.0,,,,,,,,
Thiruvarur,,100,41.4,3.7,39.7,408179.0,,,,,,,,
Thiruvarur,,100,27.9,1.7,72.8,408179.0,,,,,,,,
Thanjavur,,100,43.1,4.5,28.8,753372.0,,,,,,,,
Thanjavur,,100,38.0,3.6,45.1,753372.0,,,,,,,,
Thanjavur,,100,28.7,2.0,74.8,753372.0,,,,,,,,
Pudukkottai,,100,39.5,4.2,17.7,503941.0,,,,,,,,
Pudukkottai,,100,36.6,3.7,28.0,503941.0,,,,,,,,
Pudukkottai,,100,25.1,1.6,69.3,503941.0,,,,,,,,
Sivaganga,,100,31.7,3.0,23.9,452417.0,,,,,,,,
Sivaganga,,100,28.8,2.5,40.7,452417.0,,,,,,,,
Sivaganga,,100,22.0,1.4,78.5,452417.0,,,,,,,,
Madurai,,100,32.1,2.1,20.7,1010441.0,,,,,,,,
Madurai,,100,23.2,1.3,59.2,1010441.0,,,,,,,,
Madurai,,100,17.3,0.8,84.8,1010441.0,,,,,,,,
Theni,,100,35.2,2.1,24.8,410623.0,,,,,,,,
Theni,,100,32.4,1.6,39.3,410623.0,,,,,,,,
Theni,,100,29.9,1.3,52.0,410623.0,,,,,,,,
Virudhunagar,,100,27.0,1.7,14.6,734724.0,,,,,,,,
Virudhunagar,,100,23.1,1.3,30.9,734724.0,,,,,,,,
Virudhunagar,,100,19.3,0.9,46.9,734724.0,,,,,,,,
Ramanathapuram,,100,34.4,3.0,22.5,417239.0,,,,,,,,
Ramanathapuram,,100,31.6,2.6,36.6,417239.0,,,,,,,,
Ramanathapuram,,100,25.1,1.6,70.6,417239.0,,,,,,,,
Thoothukkudi,,100,33.5,2.0,28.2,636739.0,,,,,,,,
Thoothukkudi,,100,28.5,1.6,50.0,636739.0,,,,,,,,
Thoothukkudi,,100,23.2,1.3,73.1,636739.0,,,,,,,,
Tirunelveli,,100,30.3,1.6,33.2,1064667.0,,,,,,,,
Tirunelveli,,100,27.8,1.4,47.6,1064667.0,,,,,,,,
Tirunelveli,,100,25.1,1.1,62.9,1064667.0,,,,,,,,
Kanniyakumari,,100,35.6,2.7,83.1,598041.0,,,,,,,,
Kanniyakumari,,100,33.4,2.9,87.5,598041.0,,,,,,,,
Kanniyakumari,,100,33.0,3.0,88.4,598041.0,,,,,,,,
Dharmapuri,,100,33.1,2.5,10.7,487926.0,,,,,,,,
Dharmapuri,,100,31.4,2.3,19.0,487926.0,,,,,,,,
Dharmapuri,,100,23.0,1.6,59.0,487926.0,,,,,,,,
Krishnagiri,,100,32.7,2.2,19.2,580540.0,,,,,,,,
Krishnagiri,,100,29.4,1.8,33.0,580540.0,,,,,,,,
Krishnagiri,,100,18.3,0.6,78.3,580540.0,,,,,,,,
Coimbatore,,100,27.4,1.6,33.3,1169752.0,,,,,,,,
Coimbatore,,100,24.9,1.0,66.7,1169752.0,,,,,,,,
Coimbatore,,100,24.1,0.8,77.9,1169752.0,,,,,,,,
Tiruppur,,100,27.6,1.7,30.9,894908.0,,,,,,,,
Tiruppur,,100,25.3,1.1,57.2,894908.0,,,,,,,,
Tiruppur,,100,23.6,0.7,75.0,894908.0,,,,,,,,
Yanam,,100,15.4,0.7,81.9,15519.0,,,,,,,,
Yanam,,100,15.4,0.7,81.9,15519.0,,,,,,,,
Puducherry,,100,31.9,2.6,35.8,,,,,,,,,
Puducherry,,100,22.8,1.6,68.5,,,,,,,,,
Puducherry,,100,19.0,1.2,82.5,,,,,,,,,
Mahe,,100,15.8,1.1,97.8,12110.0,,,,,,,,
Mahe,,100,15.8,1.1,97.8,12110.0,,,,,,,,
Karaikal,,100,36.8,2.1,47.6,69333.0,,,,,,,,
Karaikal,,100,29.2,1.6,60.6,69333.0,,,,,,,,
Karaikal,,100,21.0,1.2,74.4,69333.0,,,,,,,,
Nicobars,,100,23.8,1.2,80.9,15958.0,,,,,,,,
Nicobars,,100,23.8,1.2,80.9,15958.0,,,,,,,,
North  & Middle Andaman,,100,44.3,2.7,48.0,,,,,,,,,
North  & Middle Andaman,,100,44.6,2.8,48.3,,,,,,,,,
North  & Middle Andaman,,100,55.9,6.6,56.1,,,,,,,,,
South Andaman,,100,33.5,3.5,64.7,85532.0,,,,,,,,
South Andaman,,100,26.4,2.2,78.3,85532.0,,,,,,,,
South Andaman,,100,21.4,1.2,87.8,85532.0,,,,,,,,
